date,listed_price,price_trend,day_of_week,month,week_of_year,ma_7,ma_14,volatility_7,momentum_7,price_lag_1,price_lag_2,price_lag_3,price_lag_7,price_lag_14,log_price,rolling_mean_3
2024-01-03,59999,0,2,1,1,59999.0,59999.0,0.0,0,59999,59999,59999,59999,59999,11.00209984,59999.0
2024-01-04,59999,0,3,1,1,59999.0,59999.0,0.0,0,59999,59999,59999,59999,59999,11.00209984,59999.0
2024-01-05,59999,0,4,1,1,59999.0,59999.0,0.0,0,59999,59999,59999,59999,59999,11.00209984,59999.0
2024-01-06,59999,0,5,1,1,59999.0,59999.0,0.0,0,59999,59999,59999,59999,59999,11.00209984,59999.0
2024-01-07,59999,0,6,1,1,59999.0,59999.0,0.0,0,59999,59999,59999,59999,59999,11.00209984,59999.0
2024-01-08,59999,0,0,1,2,59999.0,59999.0,0.0,0,59999,59999,59999,59999,59999,11.00209984,59999.0
2024-01-09,59999,0,1,1,2,59999.0,59999.0,0.0,0,59999,59999,59999,59999,59999,11.00209984,59999.0
2024-01-10,59999,0,2,1,2,59999.0,59999.0,0.0,0,59999,59999,59999,59999,59999,11.00209984,59999.0
2024-01-11,59999,0,3,1,2,59999.0,59999.0,0.0,0,59999,59999,59999,59999,59999,11.00209984,59999.0
2024-01-12,59999,0,4,1,2,59999.0,59999.0,0.0,0,59999,59999,59999,59999,59999,11.00209984,59999.0
2024-01-13,59999,0,5,1,2,59999.0,59999.0,0.0,0,59999,59999,59999,59999,59999,11.00209984,59999.0
2024-01-14,59999,0,6,1,2,59999.0,59999.0,0.0,0,59999,59999,59999,59999,59999,11.00209984,59999.0
2024-01-15,59999,0,0,1,3,59999.0,59999.0,0.0,0,59999,59999,59999,59999,59999,11.00209984,59999.0
2024-01-16,59999,0,1,1,3,59999.0,59999.0,0.0,0,59999,59999,59999,59999,59999,11.00209984,59999.0
2024-01-17,59999,0,2,1,3,59999.0,59999.0,0.0,0,59999,59999,59999,59999,59999,11.00209984,59999.0
2024-01-18,59999,0,3,1,3,59999.0,59999.0,0.0,0,59999,59999,59999,59999,59999,11.00209984,59999.0
2024-01-19,59999,0,4,1,3,59999.0,59999.0,0.0,0,59999,59999,59999,59999,59999,11.00209984,59999.0
2024-01-20,59999,0,5,1,3,59999.0,59999.0,0.0,0,59999,59999,59999,59999,59999,11.00209984,59999.0
2024-01-21,59999,0,6,1,3,59999.0,59999.0,0.0,0,59999,59999,59999,59999,59999,11.00209984,59999.0
2024-01-22,59999,0,0,1,4,59999.0,59999.0,0.0,0,59999,59999,59999,59999,59999,11.00209984,59999.0
2024-01-23,64999,1,1,1,4,60713.28571,60356.14286,1889.822365,5000,59999,59999,59999,59999,59999,11.08214255,61665.666666666664
2024-01-24,64999,0,2,1,4,61427.57143,60713.28571,2439.750182,5000,64999,59999,59999,59999,59999,11.08214255,63332.333333333336
2024-01-25,64999,0,3,1,4,62141.85714,61070.42857,2672.612419,5000,64999,64999,59999,59999,59999,11.08214255,64999.0
2024-01-26,64999,0,4,1,4,62856.14286,61427.57143,2672.612419,5000,64999,64999,64999,59999,59999,11.08214255,64999.0
2024-01-27,64999,0,5,1,4,63570.42857,61784.71429,2439.750182,5000,64999,64999,64999,59999,59999,11.08214255,64999.0
2024-01-28,64999,0,6,1,4,64284.71429,62141.85714,1889.822365,5000,64999,64999,64999,59999,59999,11.08214255,64999.0
2024-01-29,64999,0,0,1,5,64999.0,62499.0,0.0,5000,64999,64999,64999,59999,59999,11.08214255,64999.0
2024-01-30,64999,0,1,1,5,64999.0,62856.14286,0.0,0,64999,64999,64999,64999,59999,11.08214255,64999.0
2024-01-31,64999,0,2,1,5,64999.0,63213.28571,0.0,0,64999,64999,64999,64999,59999,11.08214255,64999.0
2024-02-01,64999,0,3,2,5,64999.0,63570.42857,0.0,0,64999,64999,64999,64999,59999,11.08214255,64999.0
2024-02-02,64999,0,4,2,5,64999.0,63927.57143,0.0,0,64999,64999,64999,64999,59999,11.08214255,64999.0
2024-02-03,64997,-1,5,2,5,64998.71429,64284.57143,0.755929001,-2,64999,64999,64999,64999,59999,11.08211178,64998.333333333336
2024-02-04,64996,-1,6,2,5,64998.28571,64641.5,1.253566374,-3,64997,64999,64999,64999,59999,11.08209639,64997.333333333336
2024-02-05,64992,-1,0,2,6,64997.28571,64998.14286,2.62769138,-7,64996,64997,64999,64999,59999,11.08203485,64995.0
2024-02-06,64984,-1,1,2,6,64995.14286,64997.07143,5.520524482,-15,64992,64996,64997,64999,64999,11.08191175,64990.666666666664
2024-02-07,64975,-1,2,2,6,64991.71429,64995.35714,9.050124971,-24,64984,64992,64996,64999,64999,11.08177325,64983.666666666664
2024-02-08,64975,0,3,2,6,64988.28571,64993.64286,10.29100393,-24,64975,64984,64992,64999,64999,11.08177325,64978.0
2024-02-09,64970,-1,4,2,6,64984.14286,64991.57143,11.06689616,-29,64975,64975,64984,64999,64999,11.0816963,64973.333333333336
2024-02-10,64964,-1,5,2,6,64979.42857,64989.07143,11.68841511,-33,64970,64975,64975,64997,64999,11.08160394,64969.666666666664
2024-02-11,64960,-1,6,2,6,64974.28571,64986.28571,11.08624201,-36,64964,64970,64975,64996,64999,11.08154237,64964.666666666664
2024-02-12,64958,-1,0,2,7,64969.42857,64983.35714,9.342682397,-34,64960,64964,64970,64992,64999,11.08151158,64960.666666666664
2024-02-13,64953,-1,1,2,7,64965.0,64980.07143,8.602325272,-31,64958,64960,64964,64984,64999,11.08143461,64957.0
2024-02-14,64899,-1,2,2,7,64954.14286,64972.92857,25.41278269,-76,64953,64958,64960,64975,64999,11.0806029,64936.666666666664
2024-02-15,64799,-1,3,2,7,64929.0,64958.64286,62.0268759,-176,64899,64953,64958,64975,64999,11.07906088,64883.666666666664
2024-02-16,64870,1,4,2,7,64914.71429,64949.42857,62.52390019,-100,64799,64899,64953,64970,64999,11.08015596,64856.0
2024-02-17,64840,-1,5,2,7,64897.0,64938.21429,63.78610089,-124,64870,64799,64899,64964,64997,11.0796934,64836.333333333336
2024-02-18,64794,-1,6,2,7,64873.28571,64923.78571,67.22527869,-166,64840,64870,64799,64960,64996,11.07898372,64834.666666666664
2024-02-19,64719,-1,0,2,8,64839.14286,64904.28571,77.00958506,-239,64794,64840,64870,64958,64992,11.07782555,64784.333333333336
2024-02-20,64611,-1,1,2,8,64790.28571,64877.64286,98.2848145,-342,64719,64794,64840,64953,64984,11.07615543,64708.0
2024-02-21,64439,-1,2,2,8,64724.57143,64839.35714,152.3776637,-460,64611,64719,64794,64899,64975,11.07348984,64589.666666666664
2024-02-22,64339,-1,3,2,8,64658.85714,64793.92857,205.0247372,-460,64439,64611,64719,64799,64975,11.0719368,64463.0
2024-02-23,64300,-1,4,2,8,64577.42857,64746.07143,219.84605,-570,64339,64439,64611,64870,64970,11.07133046,64359.333333333336
2024-02-24,64274,-1,5,2,8,64496.57143,64696.78571,211.0899154,-566,64300,64339,64439,64840,64964,11.07092603,64304.333333333336
2024-02-25,63900,-1,6,2,8,64368.85714,64621.07143,264.7674631,-894,64274,64300,64339,64794,64960,11.06509029,64158.0
2024-02-26,63824,-1,0,2,9,64241.0,64540.07143,282.974675,-895,63900,64274,64300,64719,64958,11.06390024,63999.333333333336
2024-02-27,63699,-1,1,2,9,64110.71429,64450.5,293.9646885,-912,63824,63900,64274,64611,64953,11.06193984,63807.666666666664
2024-02-28,62899,-1,2,2,9,63890.71429,64307.64286,506.6510023,-1540,63699,63824,63900,64439,64899,11.04930144,63474.0
2024-02-29,62899,0,3,2,9,63685.0,64171.92857,581.15976,-1440,62899,63699,63824,64339,64799,11.04930144,63165.666666666664
2024-03-01,63650,1,4,3,9,63592.14286,64084.78571,514.6394947,-650,62899,62899,63699,64300,64870,11.06117031,63149.333333333336
2024-03-02,63650,0,5,3,9,63503.0,63999.78571,422.6732386,-624,63650,62899,62899,64274,64840,11.06117031,63399.666666666664
2024-03-03,63648,-1,6,3,9,63467.0,63917.92857,392.9079621,-252,63650,63650,62899,63900,64794,11.06113889,63649.333333333336
2024-03-04,63628,-1,0,3,10,63439.0,63840.0,369.5140954,-196,63648,63650,63650,63824,64719,11.06082462,63642.0
2024-03-05,63500,-1,1,3,10,63410.57143,63760.64286,353.4844915,-199,63628,63648,63650,63699,64611,11.05881093,63592.0
2024-03-06,63477,-1,2,3,10,63493.14286,63691.92857,272.2403525,578,63500,63628,63648,62899,64439,11.05844867,63535.0
2024-03-07,63397,-1,3,3,10,63564.28571,63624.64286,104.4808025,498,63477,63500,63628,62899,64339,11.05718759,63458.0
2024-03-08,63376,-1,4,3,10,63525.14286,63558.64286,117.5279096,-274,63397,63477,63500,63650,64300,11.0568563,63416.666666666664
2024-03-09,63378,1,5,3,10,63486.28571,63494.64286,114.2872321,-272,63376,63397,63477,63650,64274,11.05688786,63383.666666666664
2024-03-10,63589,1,6,3,10,63477.85714,63472.42857,101.8748065,-59,63378,63376,63397,63648,63900,11.0602115,63447.666666666664
2024-03-11,63579,-1,0,3,11,63470.85714,63454.92857,90.93482753,-49,63589,63378,63376,63628,63824,11.06005423,63515.333333333336
2024-03-12,63725,1,1,3,11,63503.0,63456.78571,132.992481,225,63579,63589,63378,63500,63699,11.06234792,63631.0
2024-03-13,63688,-1,2,3,11,63533.14286,63513.14286,149.0586334,211,63725,63579,63589,63477,62899,11.06176714,63664.0
2024-03-14,63679,-1,3,3,11,63573.42857,63568.85714,144.1583124,282,63688,63725,63579,63397,62899,11.06162582,63697.333333333336
2024-03-15,63500,-1,4,3,11,63591.14286,63558.14286,121.7284253,124,63679,63688,63725,63376,63650,11.05881093,63622.333333333336
2024-03-16,62000,-1,5,3,11,63394.28571,63440.28571,619.6697277,-1378,63500,63679,63688,63378,63650,11.03490579,63059.666666666664
2024-03-17,62000,0,6,3,11,63167.28571,63322.57143,800.9743471,-1589,62000,63500,63679,63589,63648,11.03490579,62500.0
2024-03-18,63500,1,0,3,12,63156.0,63313.42857,794.7387411,-79,62000,62000,63500,63579,63628,11.05881093,62500.0
2024-03-19,63393,-1,1,3,12,63108.57143,63305.78571,764.4518422,-332,63500,62000,62000,63725,63500,11.0571245,62964.333333333336
2024-03-20,63290,-1,2,3,12,63051.71429,63292.42857,728.1105031,-398,63393,63500,62000,63688,63477,11.05549842,63394.333333333336
2024-03-21,63200,-1,3,3,12,62983.28571,63278.35714,680.2687494,-479,63290,63393,63500,63679,63397,11.0540754,63294.333333333336
2024-03-22,63100,-1,4,3,12,62926.14286,63258.64286,645.5443255,-400,63200,63290,63393,63500,63376,11.0524919,63196.666666666664
2024-03-23,63089,-1,5,3,12,63081.71429,63238.0,499.9549027,1089,63100,63200,63290,62000,63378,11.05231756,63129.666666666664
2024-03-24,63087,-1,6,3,12,63237.0,63202.14286,163.7355592,1087,63089,63100,63200,62000,63589,11.05228586,63092.0
2024-03-25,63080,-1,0,3,13,63177.0,63166.5,123.2450134,-420,63087,63089,63100,63500,63579,11.05217489,63085.333333333336
2024-03-26,63060,-1,1,3,13,63129.42857,63119.0,83.99177964,-333,63080,63087,63089,63393,63725,11.05185779,63075.666666666664
2024-03-27,63070,1,2,3,13,63098.0,63074.85714,46.83659538,-220,63060,63080,63087,63290,63688,11.05201635,63070.0
2024-03-28,63061,-1,3,3,13,63078.14286,63030.71429,15.09336026,-139,63070,63060,63080,63200,63679,11.05187365,63063.666666666664
2024-03-29,62000,-1,4,3,13,62921.0,62923.57143,406.2888956,-1100,63061,63070,63060,63100,63500,11.03490579,62710.333333333336
2024-03-30,63050,1,5,3,13,62915.42857,62998.57143,403.8613034,-39,62000,63061,63070,63089,62000,11.0516992,62703.666666666664
2024-03-31,63037,-1,6,3,13,62908.28571,63072.64286,400.7512588,-50,63050,62000,63061,63087,62000,11.051493,62695.666666666664
2024-04-01,61500,-1,0,4,14,62682.57143,62929.78571,653.2946903,-1580,63037,63050,62000,63080,63500,11.02680871,62529.0
2024-04-02,63000,1,1,4,14,62674.0,62901.71429,647.8886221,-60,61500,63037,63050,63060,63393,11.05090588,62512.333333333336
2024-04-03,63018,1,2,4,14,62666.57143,62882.28571,642.8700898,-52,63000,61500,63037,63070,63290,11.05119155,62506.0
2024-04-04,62999,-1,3,4,14,62657.71429,62867.92857,636.929801,-62,63018,63000,61500,63061,63200,11.05089001,63005.666666666664
2024-04-05,63040,1,4,4,14,62806.28571,62863.64286,576.3559994,1040,62999,63018,63000,62000,63100,11.05154059,63019.0
2024-04-06,63040,0,5,4,14,62804.85714,62860.14286,575.66322,-10,63040,62999,63018,63050,63089,11.05154059,63026.333333333336
2024-04-07,53750,-1,6,4,14,61478.14286,62193.21429,3454.554502,-9287,63040,63040,62999,63037,63087,10.89211755,59943.333333333336
2024-04-08,62989,1,0,4,15,61690.85714,62186.71429,3501.6463,1489,53750,63040,63040,61500,63080,11.05073126,59926.333333333336
2024-04-09,62983,-1,1,4,15,61688.42857,62181.21429,3500.592753,-17,62989,53750,63040,63000,63060,11.050636,59907.333333333336
2024-04-10,62973,-1,2,4,15,61682.0,62174.28571,3497.784346,-45,62983,62989,53750,63018,63070,11.05047722,62981.666666666664
2024-04-11,62799,-1,3,4,15,61653.42857,62155.57143,3486.030639,-200,62973,62983,62989,62999,63061,11.04771035,62918.333333333336
2024-04-12,60990,-1,4,4,15,61360.57143,62083.42857,3435.880715,-2050,62799,62973,62983,63040,62000,11.01848159,62254.0
2024-04-13,62410,1,5,4,15,61270.57143,62037.71429,3392.535377,-630,60990,62799,62973,63040,63050,11.04149682,62066.333333333336
2024-04-14,62170,-1,6,4,15,62473.42857,61975.78571,727.7474052,8420,62410,60990,62799,53750,63037,11.03764393,61856.666666666664
2024-04-15,62079,-1,0,4,16,62343.42857,62017.14286,701.0893564,-910,62170,62410,60990,62989,61500,11.03617915,62219.666666666664
2024-04-16,61950,-1,1,4,16,62195.85714,61942.14286,650.9545372,-1033,62079,62170,62410,62983,63000,11.03409903,62066.333333333336
2024-04-17,61798,-1,2,4,16,62028.0,61855.0,562.6659755,-1175,61950,62079,62170,62973,63018,11.03164246,61942.333333333336
2024-04-18,61700,-1,3,4,16,61871.0,61762.21429,454.6350184,-1099,61798,61950,62079,62799,62999,11.03005542,61816.0
2024-04-19,61650,-1,4,4,16,61965.28571,61662.92857,274.0466592,660,61700,61798,61950,60990,63040,11.02924473,61716.0
2024-04-20,61650,0,5,4,16,61856.71429,61563.64286,212.0257172,-760,61650,61700,61798,62410,63040,11.02924473,61666.666666666664
2024-04-21,63045,1,6,4,16,61981.71429,62227.57143,495.6862967,875,61650,61650,61700,62170,53750,11.0516199,62115.0
2024-04-22,62850,-1,0,4,17,62091.85714,62217.64286,596.3450982,771,63045,61650,61650,62079,62989,11.04852212,62515.0
2024-04-23,62789,-1,1,4,17,62211.71429,62203.78571,645.3796594,839,62850,63045,61650,61950,62983,11.0475511,62894.666666666664
2024-04-24,62760,-1,2,4,17,62349.14286,62188.57143,645.0246581,962,62789,62850,63045,61798,62973,11.04708914,62799.666666666664
2024-04-25,62800,1,3,4,17,62506.28571,62188.64286,592.363828,1100,62760,62789,62850,61700,62799,11.04772628,62783.0
2024-04-26,62690,-1,4,4,17,62654.85714,62310.07143,456.6875039,1040,62800,62760,62789,61650,60990,11.04597318,62750.0
2024-04-27,62679,-1,5,4,17,62801.85714,62329.28571,123.1278855,1029,62690,62800,62760,61650,62410,11.0457977,62723.0
2024-04-28,62650,-1,6,4,17,62745.42857,62363.57143,73.72891143,-395,62679,62690,62800,63045,62170,11.04533492,62673.0
2024-04-29,62639,-1,0,4,18,62715.28571,62403.57143,66.64261471,-211,62650,62679,62690,62850,62079,11.04515933,62656.0
2024-04-30,62660,1,1,4,18,62696.85714,62454.28571,60.40537661,-129,62639,62650,62679,62789,61950,11.04549452,62649.666666666664
2024-05-01,62635,-1,2,5,18,62679.0,62514.07143,57.00877125,-125,62660,62639,62650,62760,61798,11.04509547,62644.666666666664
2024-05-02,62629,-1,3,5,18,62654.57143,62580.42857,23.02793335,-171,62635,62660,62639,62800,61700,11.04499968,62641.333333333336
2024-05-03,62600,-1,4,5,18,62641.71429,62648.28571,24.9914271,-90,62629,62635,62660,62690,61650,11.04453653,62621.333333333336
2024-05-04,62440,-1,5,5,18,62607.57143,62704.71429,76.25146369,-239,62600,62629,62635,62679,61650,11.04197739,62556.333333333336
2024-05-05,61800,-1,6,5,18,62486.14286,62615.78571,311.459697,-850,62440,62600,62629,62650,63045,11.03167482,62280.0
2024-05-06,61639,-1,0,5,19,62343.28571,62529.28571,434.6399714,-1000,61800,62440,62600,62639,62850,11.02906629,61959.666666666664
2024-05-07,60480,-1,1,5,19,62031.85714,62364.35714,798.5489817,-2180,61639,61800,62440,62660,62789,11.01008455,61306.333333333336
2024-05-08,60090,-1,2,5,19,61668.28571,62173.64286,1025.330957,-2545,60480,61639,61800,62635,62760,11.00361536,60736.333333333336
2024-05-09,60061,-1,3,5,19,61301.42857,61978.0,1082.137369,-2568,60090,60480,61639,62629,62800,11.00313264,60210.333333333336
2024-05-10,59787,-1,4,5,19,60899.57143,61770.64286,1041.065937,-2813,60061,60090,60480,62600,62690,10.99856025,59979.333333333336
2024-05-11,59278,-1,5,5,19,60447.85714,61527.71429,942.6171773,-3162,59787,60061,60090,62440,62679,10.99001039,59708.666666666664
2024-05-12,58879,-1,6,5,19,60030.57143,61258.35714,889.3156277,-2921,59278,59787,60061,61800,62650,10.98325675,59314.666666666664
2024-05-13,58748,-1,0,5,20,59617.57143,60980.42857,659.4515037,-2891,58879,59278,59787,61639,62639,10.98102941,58968.333333333336
2024-05-14,58650,-1,1,5,20,59356.14286,60694.0,622.261314,-1830,58748,58879,59278,60480,62660,10.9793599,58759.0
2024-05-15,58480,-1,2,5,20,59126.14286,60397.21429,603.0526314,-1610,58650,58748,58879,60090,62635,10.97645719,58626.0
2024-05-16,58299,-1,3,5,20,58874.42857,60087.92857,508.0553963,-1762,58480,58650,58748,60061,62629,10.97335737,58476.333333333336
2024-05-17,58200,-1,4,5,20,58647.71429,59773.64286,367.6487066,-1587,58299,58480,58650,59787,62600,10.97165782,58326.333333333336
2024-05-18,58139,-1,5,5,20,58485.0,59466.42857,284.9537974,-1139,58200,58299,58480,59278,62440,10.97060917,58212.666666666664
2024-05-19,58108,-1,6,5,20,58374.85714,59202.71429,254.6778544,-771,58139,58200,58299,58879,61800,10.97007584,58149.0
2024-05-20,57970,-1,0,5,21,58263.71429,58940.64286,233.5841849,-778,58108,58139,58200,58748,61639,10.96769816,58072.333333333336
2024-05-21,57624,-1,1,5,21,58117.14286,58736.64286,269.8780148,-1026,57970,58108,58139,58650,60480,10.96171178,57900.666666666664
2024-05-22,57209,-1,2,5,21,57935.57143,58530.85714,387.1446143,-1271,57624,57970,58108,58480,60090,10.95448399,57601.0
2024-05-23,57149,-1,3,5,21,57771.28571,58322.85714,446.648898,-1150,57209,57624,57970,58299,60061,10.95343467,57327.333333333336
2024-05-24,57099,-1,4,5,21,57614.0,58130.85714,464.0351998,-1101,57149,57209,57624,58200,59787,10.9525594,57152.333333333336
2024-05-25,57034,-1,5,5,21,57456.14286,57970.57143,443.1543857,-1105,57099,57149,57209,58139,59278,10.95142039,57094.0
2024-05-26,56988,-1,6,5,21,57296.14286,57835.5,363.6286698,-1120,57034,57099,57149,58108,58879,10.95061355,57040.333333333336
2024-05-27,56915,-1,0,5,22,57145.42857,57704.57143,232.9297871,-1055,56988,57034,57099,57970,58748,10.94933178,56979.0
2024-05-28,56813,-1,1,5,22,57029.57143,57573.35714,137.2684197,-811,56915,56988,57034,57624,58650,10.94753805,56905.333333333336
2024-05-29,56650,-1,2,5,22,56949.71429,57442.64286,173.3471606,-559,56813,56915,56988,57209,58480,10.94466492,56792.666666666664
2024-05-30,56588,-1,3,5,22,56869.57143,57320.42857,194.2754549,-561,56650,56813,56915,57149,58299,10.9435699,56683.666666666664
2024-05-31,56545,-1,4,5,22,56790.42857,57202.21429,198.0411213,-554,56588,56650,56813,57099,58200,10.94280975,56594.333333333336
2024-06-01,57200,1,5,6,22,56814.14286,57135.14286,237.9799912,166,56545,56588,56650,57034,58139,10.95432666,56777.666666666664
2024-06-02,57200,0,6,6,22,56844.42857,57070.28571,274.4830639,212,57200,56545,56588,56988,58108,10.95432666,56981.666666666664
2024-06-03,57150,-1,0,6,23,56878.0,57011.71429,297.9233682,235,57200,57200,56545,56915,57970,10.95345217,57183.333333333336
2024-06-04,56965,-1,1,6,23,56899.71429,56964.64286,297.9355156,152,57150,57200,57200,56813,57624,10.95020988,57105.0
2024-06-05,56732,-1,2,6,23,56911.42857,56930.57143,287.924676,82,56965,57150,57200,56650,57209,10.94611133,56949.0
2024-06-06,56643,-1,3,6,23,56919.28571,56894.42857,278.2143743,55,56732,56965,57150,56588,57149,10.94454135,56780.0
2024-06-07,56536,-1,4,6,23,56918.0,56854.21429,280.2457255,-9,56643,56732,56965,56545,57099,10.94265057,56637.0
2024-06-08,56513,-1,5,6,23,56819.85714,56817.0,285.2784771,-687,56536,56643,56732,57200,57034,10.94224367,56564.0
2024-06-09,56247,-1,6,6,23,56683.71429,56764.07143,300.6147669,-953,56513,56536,56643,57200,56988,10.93752576,56432.0
2024-06-10,56080,-1,0,6,24,56530.85714,56704.42857,296.0030566,-1070,56247,56513,56536,57150,56915,10.93455235,56280.0
2024-06-11,58482,1,1,6,24,56747.57143,56823.64286,797.436488,1517,56080,56247,56513,56965,56813,10.97649139,56936.333333333336
2024-06-12,57980,-1,2,6,24,56925.85714,56918.64286,922.9993551,1248,58482,56080,56247,56732,56650,10.96787065,57514.0
2024-06-13,57499,-1,3,6,24,57048.14286,56983.71429,935.8930545,856,57980,58482,56080,56643,56588,10.95954023,57987.0
2024-06-14,56925,-1,4,6,24,57103.71429,57010.85714,911.6497343,389,57499,57980,58482,56536,56545,10.94950746,57468.0
2024-06-15,56797,-1,5,6,24,57144.28571,56982.07143,886.9648084,284,56925,57499,57980,56513,57200,10.94725639,57073.666666666664
2024-06-16,56723,-1,6,6,24,57212.28571,56948.0,822.6209565,476,56797,56925,57499,56247,57200,10.94595268,56815.0
2024-06-17,56518,-1,0,6,25,57274.85714,56902.85714,734.02848,438,56723,56797,56925,56080,57150,10.94233214,56679.333333333336
2024-06-18,56428,-1,1,6,25,56981.42857,56864.5,561.2571773,-2054,56518,56723,56797,58482,56965,10.94073849,56556.333333333336
2024-06-19,56300,-1,2,6,25,56741.42857,56833.64286,398.7601021,-1680,56428,56518,56723,57980,56732,10.93846758,56415.333333333336
2024-06-20,56210,-1,3,6,25,56557.28571,56802.71429,266.2077599,-1289,56300,56428,56518,57499,56643,10.93686775,56312.666666666664
2024-06-21,56088,-1,4,6,25,56437.71429,56770.71429,261.4489844,-837,56210,56300,56428,56925,56536,10.93469499,56199.333333333336
2024-06-22,56034,-1,5,6,25,56328.71429,56736.5,245.2432223,-763,56088,56210,56300,56797,56513,10.93373177,56110.666666666664
2024-06-23,56392,1,6,6,25,56281.42857,56746.85714,179.7023995,-331,56034,56088,56210,56723,56247,10.94010032,56171.333333333336
2024-06-24,59990,1,0,6,26,56777.42857,57026.14286,1424.147799,3472,56392,56034,56088,56518,56080,11.00194983,57472.0
2024-06-25,59800,-1,1,6,26,57259.14286,57120.28571,1805.486031,3372,59990,56392,56034,56428,58482,10.99877766,58727.333333333336
2024-06-26,56392,-1,2,6,26,57272.28571,57006.85714,1797.658265,92,59800,59990,56392,56300,57980,10.94010032,58727.333333333336
2024-06-27,56392,0,3,6,26,57298.28571,56927.78571,1780.97218,182,56392,59800,59990,56210,57499,10.94010032,57528.0
2024-06-28,58967,1,4,6,26,57709.57143,57073.64286,1787.311562,2879,56392,56392,59800,56088,56925,10.9847502,57250.333333333336
2024-06-29,56392,-1,5,6,26,57760.71429,57044.71429,1735.753507,358,58967,56392,56392,56034,56797,10.94010032,57250.333333333336
2024-06-30,58958,1,6,6,26,58127.28571,57204.35714,1668.159336,2566,56392,58967,56392,56392,56723,10.98459757,58105.666666666664
2024-07-01,57079,-1,0,7,27,57711.42857,57244.42857,1478.466081,-2911,58958,56392,58967,59990,56518,10.95220907,57476.333333333336
2024-07-02,56392,-1,1,7,27,57224.57143,57241.85714,1213.447136,-3408,57079,58958,56392,59800,56428,10.94010032,57476.333333333336
2024-07-03,58796,1,2,7,27,57568.0,57420.14286,1277.062645,2404,56392,57079,58958,56392,56300,10.98184611,57422.333333333336
2024-07-04,58764,-1,3,7,27,57906.85714,57602.57143,1226.716814,2372,58796,56392,57079,56392,56210,10.98130172,57984.0
2024-07-05,58280,-1,4,7,27,57808.71429,57759.14286,1153.033205,-687,58764,58796,56392,58967,56088,10.97303142,58613.333333333336
2024-07-06,58179,-1,5,7,27,58064.0,57912.35714,970.4595132,1787,58280,58764,58796,56392,56034,10.97129693,58407.666666666664
2024-07-07,58140,-1,6,7,27,57947.14286,58037.21429,890.8517326,-818,58179,58280,58764,58958,56392,10.97062637,58199.666666666664
2024-07-08,57990,-1,0,7,28,58077.28571,57894.35714,805.3265827,911,58140,58179,58280,57079,59990,10.96804311,58103.0
2024-07-09,57750,-1,1,7,28,58271.28571,57747.92857,386.1738444,1358,57990,58140,58179,56392,59800,10.96389594,57960.0
2024-07-10,57690,-1,2,7,28,58113.28571,57840.64286,361.1558824,-1106,57750,57990,58140,58796,56392,10.96285646,57810.0
2024-07-11,58689,1,3,7,28,58102.57143,58004.71429,339.0712104,-75,57690,57750,57990,58764,56392,10.98002463,58043.0
2024-07-12,58280,-1,4,7,28,58102.57143,57955.64286,339.0712104,0,58689,57690,57750,58280,58967,10.97303142,58219.666666666664
2024-07-13,58178,-1,5,7,28,58102.42857,58083.21429,339.0338514,-1,58280,58689,57690,58179,56392,10.97127974,58382.333333333336
2024-07-14,57990,-1,6,7,28,58081.0,58014.07143,340.998045,-150,58178,58280,58689,58140,58958,10.96804311,58149.333333333336
2024-07-15,57780,-1,0,7,29,58051.0,58064.14286,359.0956233,-210,57990,58178,58280,57990,57079,10.96441528,57982.666666666664
2024-07-16,57618,-1,1,7,29,58032.14286,58151.71429,380.3719358,-132,57780,57990,58178,57750,56392,10.96160765,57796.0
2024-07-17,57575,-1,2,7,29,58015.71429,58064.5,399.6092735,-115,57618,57780,57990,57690,58796,10.96086109,57657.666666666664
2024-07-18,56990,-1,3,7,29,57773.0,57937.78571,436.7550801,-1699,57575,57618,57780,58689,58764,10.95064864,57394.333333333336
2024-07-19,56128,-1,4,7,29,57465.57143,57784.07143,699.0373994,-2152,56990,57575,57618,58280,58280,10.93540789,56897.666666666664
2024-07-20,55989,-1,5,7,29,57152.85714,57627.64286,808.3003626,-2189,56128,56990,57575,58178,58179,10.93292838,56369.0
2024-07-21,55888,-1,6,7,29,56852.57143,57466.78571,835.4591267,-2102,55989,56128,56990,57990,58140,10.93112286,56001.666666666664
2024-07-22,55728,-1,0,7,30,56559.42857,57305.21429,815.5733887,-2052,55888,55989,56128,57780,57990,10.92825594,55868.333333333336
2024-07-23,55689,-1,1,7,30,56283.85714,57158.0,718.3841657,-1929,55728,55888,55989,57618,57750,10.92755588,55768.333333333336
2024-07-24,55645,-1,2,7,30,56008.14286,57011.92857,466.4430757,-1930,55689,55728,55888,57575,57690,10.92676548,55687.333333333336
2024-07-25,55672,1,3,7,30,55819.85714,56796.42857,185.3837718,-1318,55645,55689,55728,56990,58689,10.92725057,55668.666666666664
2024-07-26,54888,-1,4,7,30,55642.71429,56554.14286,355.8912354,-1240,55672,55645,55689,56128,58280,10.91306824,55401.666666666664
2024-07-27,54645,-1,5,7,30,55450.71429,56301.78571,479.1352329,-1344,54888,55672,55645,55989,58178,10.9086313,55068.333333333336
2024-07-28,54585,-1,6,7,30,55264.57143,56058.57143,531.2127186,-1303,54645,54888,55672,55888,57990,10.90753272,54706.0
2024-07-29,54475,-1,0,7,31,55085.57143,55822.5,559.3883139,-1253,54585,54645,54888,55728,57780,10.90551552,54568.333333333336
2024-07-30,54370,-1,1,7,31,54897.14286,55590.5,544.1921929,-1319,54475,54585,54645,55689,57618,10.9035862,54476.666666666664
2024-07-31,54238,-1,2,7,31,54696.14286,55352.14286,477.7103127,-1407,54370,54475,54585,55645,57575,10.90115549,54361.0
2024-08-01,54199,-1,3,8,31,54485.71429,55152.78571,242.9456141,-1473,54238,54370,54475,55672,56990,10.90043619,54269.0
2024-08-02,54199,0,4,8,31,54387.28571,55015.0,185.6023655,-689,54199,54238,54370,54888,56128,10.90043619,54212.0
2024-08-03,55999,1,5,8,31,54580.71429,55015.71429,642.3905132,1354,54199,54199,54238,54645,55989,10.93310697,54799.0
2024-08-04,55890,-1,6,8,31,54767.14286,55015.85714,811.0605051,1305,55999,54199,54199,54585,55888,10.93115864,55362.666666666664
2024-08-05,54885,-1,0,8,32,54825.71429,54955.64286,801.1911371,410,55890,55999,54199,54475,55728,10.91301359,55591.333333333336
2024-08-06,55890,1,1,8,32,55042.85714,54970.0,860.8537291,1520,54885,55890,55999,54370,55689,10.93115864,55555.0
2024-08-07,56724,1,2,8,32,55398.0,55047.07143,978.2617237,2486,55890,54885,55890,54238,55645,10.94597031,55833.0
2024-08-08,56445,-1,3,8,32,55718.85714,55102.28571,883.1703174,2246,56724,55890,54885,54199,55672,10.94103971,56353.0
2024-08-09,56223,-1,4,8,32,56008.0,55197.64286,582.9391049,2024,56445,56724,55890,54199,54888,10.93709899,56464.0
2024-08-10,56080,-1,5,8,32,56019.57143,55300.14286,583.5343055,81,56223,56445,56724,55999,54645,10.93455235,56249.333333333336
2024-08-11,54888,-1,6,8,32,55876.42857,55321.78571,726.0979863,-1002,56080,56223,56445,55890,54585,10.91306824,55730.333333333336
2024-08-12,55635,1,0,8,33,55983.57143,55404.64286,599.7651921,750,54888,56080,56223,54885,54475,10.92658575,55534.333333333336
2024-08-13,55367,-1,1,8,33,55908.85714,55475.85714,644.2875726,-523,55635,54888,56080,55890,54370,10.92175709,55296.666666666664
2024-08-14,55146,-1,2,8,33,55683.42857,55540.71429,584.8654709,-1578,55367,55635,54888,56724,54238,10.91775763,55382.666666666664
2024-08-15,55146,0,3,8,33,55497.85714,55608.35714,503.353232,-1299,55146,55367,55635,56445,54199,10.91775763,55219.666666666664
2024-08-16,54807,-1,4,8,33,55295.57143,55651.78571,444.4475436,-1416,55146,55146,55367,56223,54199,10.91159145,55033.0
2024-08-17,54707,-1,5,8,33,55099.42857,55559.5,328.376236,-1373,54807,55146,55146,56080,55999,10.90976523,54886.666666666664
2024-08-18,56989,1,6,8,33,55399.57143,55638.0,768.3492819,2101,54707,54807,55146,54888,55890,10.95063109,55501.0
2024-08-19,57299,1,0,8,34,55637.28571,55810.42857,1056.64638,1664,56989,54707,54807,55635,54885,10.9560559,56331.666666666664
2024-08-20,57289,-1,1,8,34,55911.85714,55910.35714,1212.874606,1922,57299,56989,54707,55367,55890,10.95588137,57192.333333333336
2024-08-21,57479,1,2,8,34,56245.14286,55964.28571,1285.705569,2333,57289,57299,56989,55146,56724,10.95919234,57355.666666666664
2024-08-22,57290,-1,3,8,34,56551.42857,56024.64286,1234.582771,2144,57479,57289,57299,55146,56445,10.95589882,57352.666666666664
2024-08-23,57974,1,4,8,34,57003.85714,56149.71429,1056.172718,3167,57290,57479,57289,54807,56223,10.96776716,57581.0
2024-08-24,60999,1,5,8,34,57902.71429,56501.07143,1397.796446,6292,57974,57290,57479,54707,56080,11.01862914,58754.333333333336
2024-08-25,57990,-1,6,8,34,58045.71429,56722.64286,1338.694104,1001,60999,57974,57290,56989,54888,10.96804311,58987.666666666664
2024-08-26,57999,1,0,8,35,58145.71429,56891.5,1299.179961,700,57990,60999,57974,57299,55635,10.96819829,58996.0
2024-08-27,57999,0,1,8,35,58247.14286,57079.5,1247.849006,710,57999,57990,60999,57289,55367,10.96819829,57996.0
2024-08-28,55470,-1,2,8,35,57960.14286,57102.64286,1627.301389,-2009,57999,57999,57990,57479,55146,10.92361564,57156.0
2024-08-29,58499,1,3,8,35,58132.85714,57342.14286,1608.369923,1209,55470,57999,57999,57290,55146,10.97678203,57322.666666666664
2024-08-30,57974,-1,4,8,35,58132.85714,57568.35714,1608.369923,0,58499,55470,57999,57974,54807,10.96776716,57314.333333333336
2024-08-31,57974,0,5,8,35,57700.71429,57801.71429,1002.027231,-3025,57974,58499,55470,60999,54707,10.96776716,58149.0
2024-09-01,57974,0,6,9,35,57698.42857,57872.07143,1001.27533,-16,57974,57974,58499,57990,56989,10.96776716,57974.0
2024-09-02,58430,1,0,9,36,57760.0,57952.85714,1035.505513,431,57974,57974,57974,57999,57299,10.97560185,58126.0
2024-09-03,58499,1,1,9,36,57831.42857,58039.28571,1071.363284,500,58430,57974,57974,57999,57289,10.97678203,58301.0
2024-09-04,58499,0,2,9,36,58264.14286,58112.14286,272.4979685,3029,58499,58430,57974,55470,57479,10.97678203,58476.0
2024-09-05,58499,0,3,9,36,58264.14286,58198.5,272.4979685,0,58499,58499,58430,58499,57290,10.97678203,58499.0
2024-09-06,57973,-1,4,9,36,58264.0,58198.42857,272.6756315,-1,58499,58499,58499,57974,57974,10.96774991,58323.666666666664
2024-09-07,58499,1,5,9,36,58339.0,58019.85714,250.9521867,525,57973,58499,58499,57974,60999,10.97678203,58323.666666666664
2024-09-08,59990,1,6,9,36,58627.0,58162.71429,631.1140943,2016,58499,57973,58499,57974,57990,11.00194983,58820.666666666664
2024-09-09,64998,1,0,9,37,59565.28571,58662.64286,2475.816412,6568,59990,58499,57973,58430,57999,11.08212716,61162.333333333336
2024-09-10,59990,-1,1,9,37,59778.28571,58804.85714,2432.551316,1491,64998,59990,58499,58499,57999,11.00194983,61659.333333333336
2024-09-11,59990,0,2,9,37,59991.28571,59127.71429,2366.238345,1491,59990,64998,59990,58499,55470,11.00194983,61659.333333333336
2024-09-12,59990,0,3,9,37,60204.28571,59234.21429,2274.862832,1491,59990,59990,64998,58499,58499,11.00194983,59990.0
2024-09-13,60999,1,4,9,37,60636.57143,59450.28571,2057.297731,3026,59990,59990,59990,57973,57974,11.01862914,60326.333333333336
2024-09-14,64998,1,5,9,37,61565.0,59952.0,2373.950084,6499,60999,59990,59990,58499,57974,11.08212716,61995.666666666664
2024-09-15,64998,0,6,9,37,62280.42857,60453.71429,2566.964216,5008,64998,60999,59990,59990,57974,11.08212716,63665.0
2024-09-16,64998,0,0,9,38,62280.42857,60922.85714,2566.964216,0,64998,64998,60999,64998,58430,11.08212716,64998.0
2024-09-17,58499,-1,1,9,38,62067.42857,60922.85714,2836.411692,-1491,64998,64998,64998,59990,58499,10.97678203,62831.666666666664
2024-09-18,59990,1,2,9,38,62067.42857,61029.35714,2836.411692,0,58499,64998,64998,59990,58499,11.00194983,61162.333333333336
2024-09-19,59990,0,3,9,38,62067.42857,61135.85714,2836.411692,0,59990,58499,64998,59990,58499,11.00194983,59493.0
2024-09-20,59990,0,4,9,38,61923.28571,61279.92857,2924.04165,-1009,59990,59990,58499,60999,57973,11.00194983,59990.0
2024-09-21,59990,0,5,9,38,61207.85714,61386.42857,2645.782079,-5008,59990,59990,59990,64998,58499,11.00194983,59990.0
2024-09-22,59990,0,6,9,38,60492.42857,61386.42857,2063.011703,-5008,59990,59990,59990,64998,59990,11.00194983,59990.0
2024-09-23,59990,0,0,9,39,59777.0,61028.71429,563.5450293,-5008,59990,59990,59990,64998,64998,11.00194983,59990.0
2024-09-24,59990,0,1,9,39,59990.0,61028.71429,0.0,1491,59990,59990,59990,58499,59990,11.00194983,59990.0
2024-09-25,64999,1,2,9,39,60705.57143,61386.5,1893.224045,5009,59990,59990,59990,59990,59990,11.08214255,61659.666666666664
2024-09-26,62999,-1,3,9,39,61135.42857,61601.42857,2039.612533,3009,64999,59990,59990,59990,59990,11.05089001,62662.666666666664
2024-09-27,62999,0,4,9,39,61565.28571,61744.28571,2074.751689,3009,62999,64999,59990,59990,60999,11.05089001,63665.666666666664
2024-09-28,59990,-1,5,9,39,61565.28571,61386.57143,2074.751689,0,62999,62999,64999,59990,64998,11.00194983,61996.0
2024-09-29,58499,-1,6,9,39,61352.28571,60922.35714,2324.885927,-1491,59990,62999,62999,59990,64998,10.97678203,60496.0
2024-09-30,56475,-1,0,9,40,60850.14286,60313.57143,2960.788996,-3515,58499,59990,62999,59990,64998,10.94157105,58321.333333333336
2024-10-01,59990,1,1,10,40,60850.14286,60420.07143,2960.788996,0,56475,58499,59990,59990,58499,11.00194983,58321.333333333336
2024-10-02,59999,1,2,10,40,60135.85714,60420.71429,2328.72028,-5000,59990,56475,58499,64999,59990,11.00209984,58821.333333333336
2024-10-03,59990,-1,3,10,40,59706.0,60420.71429,1960.776887,-3009,59999,59990,56475,62999,59990,11.00194983,59993.0
2024-10-04,57000,-1,4,10,40,58849.0,60207.14286,1549.479482,-5999,59990,59999,59990,62999,59990,10.95082409,58996.333333333336
2024-10-05,58490,1,5,10,40,58634.71429,60100.0,1466.90669,-1500,57000,59990,59999,59990,59990,10.97662818,58493.333333333336
2024-10-06,57999,-1,6,10,40,58563.28571,59957.78571,1486.656844,-500,58490,57000,59990,58499,59990,10.96819829,57829.666666666664
2024-10-07,56999,-1,0,10,41,58638.14286,59744.14286,1372.814558,524,57999,58490,57000,56475,59990,10.95080655,57829.333333333336
2024-10-08,57994,1,1,10,41,58353.0,59601.57143,1246.727449,-1996,56999,57999,58490,59990,59990,10.96811208,57664.0
2024-10-09,55999,-1,2,10,41,57781.57143,58958.71429,1282.722477,-4000,57994,56999,57999,59999,64999,10.93310697,56997.333333333336
2024-10-10,54999,-1,3,10,41,57068.57143,58387.28571,1236.879522,-4991,55999,57994,56999,59990,62999,10.91508846,56330.666666666664
2024-10-11,56999,1,4,10,41,57068.42857,57958.71429,1236.88882,-1,54999,55999,57994,57000,62999,10.95080655,55999.0
2024-10-12,56999,0,5,10,41,56855.42857,57745.07143,1068.155397,-1491,56999,54999,55999,58490,59990,10.95080655,56332.333333333336
2024-10-13,56999,0,6,10,41,56712.57143,57637.92857,950.0645341,-1000,56999,56999,54999,57999,58499,10.95080655,56999.0
2024-10-14,56998,-1,0,10,42,56712.42857,57675.28571,950.0143608,-1,56999,56999,56999,56999,56475,10.950789,56998.666666666664
2024-10-15,56957,-1,1,10,42,56564.28571,57458.64286,783.0420836,-1037,56998,56999,56999,57994,59990,10.95006943,56984.666666666664
2024-10-16,56947,-1,2,10,42,56699.71429,57240.64286,750.2738865,948,56957,56998,56999,55999,59999,10.94989385,56967.333333333336
2024-10-17,56920,-1,3,10,42,56974.14286,57021.35714,32.62120256,1921,56947,56957,56998,54999,59990,10.94941962,56941.333333333336
2024-10-18,55950,-1,4,10,42,56824.28571,56946.35714,386.746133,-1049,56920,56947,56957,56999,57000,10.93223159,56605.666666666664
2024-10-19,55950,0,5,10,42,56674.42857,56764.92857,495.6621353,-1049,55950,56920,56947,56999,58490,10.93223159,56273.333333333336
2024-10-20,56903,1,6,10,42,56660.71429,56686.64286,486.4270121,-96,55950,55950,56920,56999,57999,10.94912092,56267.666666666664
2024-10-21,56895,-1,0,10,43,56646.0,56679.21429,475.9691867,-103,56903,55950,55950,56998,56999,10.94898032,56582.666666666664
2024-10-22,56886,-1,1,10,43,56635.85714,56600.07143,468.9418687,-71,56895,56903,55950,56957,57994,10.94882212,56894.666666666664
2024-10-23,56885,-1,2,10,43,56627.0,56663.35714,462.6287208,-62,56886,56895,56903,56947,55999,10.94880454,56888.666666666664
2024-10-24,56885,0,3,10,43,56622.0,56798.07143,459.1100086,-35,56885,56886,56895,56920,54999,10.94880454,56885.333333333336
2024-10-25,57495,1,4,10,43,56842.71429,56833.5,453.5477609,1545,56885,56885,56886,55950,56999,10.95947066,57088.333333333336
2024-10-26,57485,-1,5,10,43,57062.0,56868.21429,292.4670922,1535,57495,56885,56885,55950,56999,10.95929672,57288.333333333336
2024-10-27,57480,-1,6,10,43,57144.42857,56902.57143,320.1832065,577,57485,57495,56885,56903,56999,10.95920974,57486.666666666664
2024-10-28,57465,-1,0,10,44,57225.85714,56935.92857,318.6536409,570,57480,57485,57495,56895,56998,10.95894875,57476.666666666664
2024-10-29,57438,-1,1,10,44,57304.71429,56970.28571,287.2900476,552,57465,57480,57485,56886,56957,10.95847879,57461.0
2024-10-30,57420,-1,2,10,44,57381.14286,57004.07143,220.3992049,535,57438,57465,57480,56885,56947,10.95816537,57441.0
2024-10-31,57420,0,3,10,44,57457.57143,57039.78571,31.40518609,535,57420,57438,57465,56885,56920,10.95816537,57426.0
2024-11-01,57388,-1,4,11,44,57442.28571,57142.5,35.87345483,-107,57420,57420,57438,57495,55950,10.95760793,57409.333333333336
2024-11-02,57387,-1,5,11,44,57428.28571,57245.14286,35.54674989,-98,57388,57420,57420,57485,55950,10.9575905,57398.333333333336
2024-11-03,57387,0,6,11,44,57415.0,57279.71429,29.93325908,-93,57387,57388,57420,57480,56903,10.9575905,57387.333333333336
2024-11-04,57384,-1,0,11,45,57403.42857,57314.64286,21.98376022,-81,57387,57387,57388,57465,56895,10.95753822,57386.0
2024-11-05,57370,-1,1,11,45,57393.71429,57349.21429,18.97993927,-68,57384,57387,57387,57438,56886,10.95729423,57380.333333333336
2024-11-06,57367,-1,2,11,45,57386.14286,57383.64286,17.23783213,-53,57370,57384,57387,57420,56885,10.95724194,57373.666666666664
2024-11-07,57364,-1,3,11,45,57378.14286,57417.85714,10.63686309,-56,57367,57370,57384,57420,56885,10.95718964,57367.0
2024-11-08,57362,-1,4,11,45,57374.42857,57408.35714,11.14835026,-26,57364,57367,57370,57388,57495,10.95715478,57364.333333333336
2024-11-09,59500,1,5,11,45,57676.28571,57552.28571,804.2405764,2113,57362,57364,57367,57387,57485,10.9937484,58075.333333333336
2024-11-10,63200,1,6,11,45,58506.71429,57960.85714,2216.651733,5813,59500,57362,57364,57387,57480,11.0540754,60020.666666666664
2024-11-11,57362,-1,0,11,46,58503.57143,57953.5,2218.523673,-22,63200,59500,57362,57384,57465,10.95715478,60020.666666666664
2024-11-12,59987,1,1,11,46,58877.42857,58135.57143,2216.16319,2617,57362,63200,59500,57370,57438,11.00189982,60183.0
2024-11-13,59980,-1,2,11,46,59250.71429,58318.42857,2138.034511,2613,59987,57362,63200,57367,57420,11.00178312,59109.666666666664
2024-11-14,59978,-1,3,11,46,59624.14286,58501.14286,1975.696538,2614,59980,59987,57362,57364,57420,11.00174978,59981.666666666664
2024-11-15,57365,-1,4,11,46,59624.57143,58499.5,1975.124288,3,59978,59980,59987,57362,57388,10.95720707,59107.666666666664
2024-11-16,59880,1,5,11,46,59678.85714,58677.57143,1976.351557,380,57365,59978,59980,59500,57387,11.00011454,59074.333333333336
2024-11-17,58886,-1,6,11,46,59062.57143,58784.64286,1225.24227,-4314,59880,57365,59978,63200,57387,10.98337563,58710.333333333336
2024-11-18,58886,0,0,11,47,59280.28571,58891.92857,984.4414176,1524,58886,59880,57365,57362,57384,10.98337563,59217.333333333336
2024-11-19,57366,-1,1,11,47,58905.85714,58891.64286,1154.586279,-2621,58886,58886,59880,59987,57370,10.9572245,58379.333333333336
2024-11-20,57366,0,2,11,47,58532.42857,58891.57143,1171.868289,-2614,57366,58886,58886,59980,57367,10.9572245,57872.666666666664
2024-11-21,58489,1,3,11,47,58319.71429,58971.92857,986.1650833,-1489,57366,57366,58886,59978,57364,10.97661108,57740.333333333336
2024-11-22,57999,-1,4,11,47,58410.28571,59017.42857,910.0444521,634,58489,57366,57366,57365,57362,10.96819829,57951.333333333336
2024-11-23,57899,-1,5,11,47,58127.28571,58903.07143,646.7631494,-1981,57999,58489,57366,59880,59500,10.96647266,58129.0
2024-11-24,57499,-1,6,11,47,57929.14286,58495.85714,585.104956,-1387,57899,57999,58489,58886,63200,10.95954023,57799.0
2024-11-25,57399,-1,0,11,48,57716.71429,58498.5,428.8903179,-1487,57499,57899,57999,58886,57362,10.95779958,57599.0
2024-11-26,57299,-1,1,11,48,57707.14286,58306.5,438.6579642,-67,57399,57499,57899,57366,59987,10.9560559,57399.0
2024-11-27,57278,-1,2,11,48,57694.57143,58113.5,451.1473732,-88,57299,57399,57499,57366,59980,10.95568934,57325.333333333336
2024-11-28,57278,0,3,11,48,57521.57143,57920.64286,303.8957371,-1211,57278,57299,57399,58489,59978,10.95568934,57285.0
2024-11-29,57278,0,4,11,48,57418.57143,57914.42857,227.7578079,-721,57278,57278,57299,57999,57365,10.95568934,57278.0
2024-11-30,57278,0,5,11,48,57329.85714,57728.57143,86.69761352,-621,57278,57278,57278,57899,59880,10.95568934,57278.0
2024-12-01,57900,1,6,12,48,57387.14286,57658.14286,230.4274496,401,57278,57278,57278,57499,58886,10.96648993,57485.333333333336
2024-12-02,57500,-1,0,12,49,57401.57143,57559.14286,234.4211716,101,57900,57278,57278,57399,58886,10.95955762,57559.333333333336
2024-12-03,57480,-1,1,12,49,57427.42857,57567.28571,231.1816437,181,57500,57900,57278,57299,57366,10.95920974,57626.666666666664
2024-12-04,55999,-1,2,12,49,57244.71429,57469.64286,592.3199345,-1279,57480,57500,57900,57278,57366,10.93310697,56993.0
2024-12-05,56699,1,3,12,49,57162.0,57341.78571,626.3468155,-579,55999,57480,57500,57278,58489,10.94552949,56726.0
2024-12-06,56579,-1,4,12,49,57062.14286,57240.35714,659.60782,-699,56699,55999,57480,57278,57999,10.94341084,56425.666666666664
2024-12-07,56280,-1,5,12,49,56919.57143,57124.71429,711.0276265,-998,56579,56699,55999,57278,57899,10.93811228,56519.333333333336
2024-12-08,55988,-1,6,12,49,56646.42857,57016.78571,634.7831276,-1912,56280,56579,56699,57900,57499,10.93291052,56282.333333333336
2024-12-09,55650,-1,0,12,50,56382.14286,56891.85714,604.5735215,-1850,55988,56280,56579,57500,57399,10.92685533,55972.666666666664
2024-12-10,54749,-1,1,12,50,55992.0,56709.71429,656.9424125,-2731,55650,55988,56280,57480,57299,10.91053265,55462.333333333336
2024-12-11,54499,-1,2,12,50,55777.71429,56511.21429,865.7377806,-1500,54749,55650,55988,55999,57278,10.90595598,54966.0
2024-12-12,53990,-1,3,12,50,55390.71429,56276.35714,982.8346274,-2709,54499,54749,55650,56699,57278,10.89657264,54412.666666666664
2024-12-13,53499,-1,4,12,50,54950.71429,56006.42857,1049.376277,-3080,53990,54499,54749,56579,57278,10.88743693,53996.0
2024-12-14,53499,0,5,12,50,54553.42857,55736.5,986.8101569,-2781,53499,53990,54499,56280,57278,10.88743693,53662.666666666664
2024-12-15,53480,-1,6,12,50,54195.14286,55420.78571,820.4103503,-2508,53499,53499,53990,55988,57900,10.88708173,53492.666666666664
2024-12-16,53400,-1,0,12,51,53873.71429,55127.92857,552.3989242,-2250,53480,53499,53499,55650,57500,10.88558475,53459.666666666664
2024-12-17,53399,-1,1,12,51,53680.85714,54836.42857,414.2742363,-1350,53400,53480,53499,54749,57480,10.88556602,53426.333333333336
2024-12-18,53450,1,2,12,51,53531.0,54654.35714,206.751058,-1049,53399,53400,53480,54499,55999,10.88652063,53416.333333333336
2024-12-19,53344,-1,3,12,51,53438.71429,54414.71429,59.36810109,-646,53450,53399,53400,53990,56699,10.88453553,53397.666666666664
2024-12-20,53237,-1,4,12,51,53401.28571,54176.0,89.81038225,-262,53344,53450,53399,53499,56579,10.88252771,53343.666666666664
2024-12-21,53079,-1,5,12,51,53341.28571,53947.35714,139.9496508,-420,53237,53344,53450,53499,56280,10.87955549,53220.0
2024-12-22,53017,-1,6,12,51,53275.14286,53735.14286,169.7109588,-463,53079,53237,53344,53480,55988,10.87838676,53111.0
2024-12-23,52950,-1,0,12,52,53210.85714,53542.28571,197.488758,-450,53017,53079,53237,53400,55650,10.87712224,53015.333333333336
2024-12-24,52900,-1,1,12,52,53139.57143,53410.21429,208.0359401,-499,52950,53017,53079,53399,54749,10.87617752,52955.666666666664
2024-12-25,52890,-1,2,12,52,53059.57143,53295.28571,173.5865367,-560,52900,52950,53017,53450,54499,10.87598847,52913.333333333336
2024-12-26,53179,1,3,12,52,53036.0,53237.35714,135.5654823,-165,52890,52900,52950,53344,53990,10.88143766,52989.666666666664
2024-12-27,54968,1,4,12,52,53283.28571,53342.28571,749.9377117,1731,53179,52890,52900,53237,53499,10.91452467,53679.0
2024-12-28,54900,-1,5,12,52,53543.42857,53442.35714,955.0525042,1821,54968,53179,52890,53079,53499,10.91328684,54349.0
2024-12-29,54900,0,6,12,52,53812.42857,53543.78571,1043.182927,1883,54900,54968,53179,53017,53480,10.91328684,54922.666666666664
2024-12-30,54998,1,0,12,1,54105.0,53657.92857,1048.172537,2048,54900,54900,54968,52950,53400,10.91507028,54932.666666666664
2024-12-31,54998,0,1,12,1,54404.71429,53772.14286,940.6219067,2098,54998,54900,54900,52900,53399,10.91507028,54965.333333333336
2025-01-01,54799,-1,2,1,1,54677.42857,53868.5,664.4681726,1909,54998,54998,54900,52890,53450,10.91144547,54931.666666666664
2025-01-02,54980,1,3,1,1,54934.71429,53985.35714,73.02674004,1801,54799,54998,54998,53179,53344,10.91474295,54925.666666666664
2025-01-03,53999,-1,4,1,1,54796.28571,54039.78571,358.7741696,-969,54980,54799,54998,54968,53237,10.89673933,54592.666666666664
2025-01-04,53238,-1,5,1,1,54558.85714,54051.14286,682.5448529,-1662,53999,54980,54799,54900,53079,10.88254649,54072.333333333336
2025-01-05,53075,-1,6,1,1,54298.14286,54055.28571,856.821146,-1825,53238,53999,54980,54900,53017,10.87948013,53437.333333333336
2025-01-06,52946,-1,0,1,2,54005.0,54055.0,925.7263815,-2052,53075,53238,53999,54998,52950,10.87704669,53086.333333333336
2025-01-07,52848,-1,1,1,2,53697.85714,54051.28571,897.5948285,-2150,52946,53075,53238,54998,52900,10.87519407,52956.333333333336
2025-01-08,52790,-1,2,1,2,53410.85714,54044.14286,803.0322593,-2009,52848,52946,53075,54799,52890,10.874096,52861.333333333336
2025-01-09,52715,-1,3,1,2,53087.28571,54011.0,439.3714125,-2265,52790,52848,52946,54980,53179,10.87267429,52784.333333333336
2025-01-10,52709,-1,4,1,2,52903.0,53849.64286,196.821408,-1290,52715,52790,52848,53999,54968,10.87256047,52738.0
2025-01-11,52999,1,5,1,2,52868.85714,53713.85714,142.1635544,-239,52709,52715,52790,53238,54900,10.87804719,52807.666666666664
2025-01-12,52999,0,6,1,2,52858.0,53578.07143,125.7510769,-76,52999,52709,52715,53075,54900,10.87804719,52902.333333333336
2025-01-13,54200,1,0,1,3,53037.14286,53521.07143,526.5382001,1254,52999,52999,52709,52946,54998,10.90045464,53399.333333333336
2025-01-14,54089,-1,1,1,3,53214.42857,53456.14286,647.3113257,1241,54200,52999,52999,52848,54998,10.8984046,53762.666666666664
2025-01-15,54048,-1,2,1,3,53394.14286,53402.5,683.4584671,1258,54089,54200,52999,52790,54799,10.89764632,54112.333333333336
2025-01-16,53979,-1,3,1,3,53574.71429,53331.0,639.6969893,1264,54048,54089,54200,52715,54980,10.89636889,54038.666666666664
2025-01-17,54090,1,4,1,3,53772.0,53337.5,532.1152757,1381,53979,54048,54089,52709,53999,10.89842309,54039.0
2025-01-18,55766,1,5,1,3,54167.28571,53518.07143,814.824258,2767,54090,53979,54048,52999,53238,10.92893758,54611.666666666664
2025-01-19,55690,-1,6,1,3,54551.71429,53704.85714,806.5256173,2691,55766,54090,53979,52999,53075,10.92757383,55182.0
2025-01-20,54990,-1,0,1,4,54664.57143,53850.85714,804.3771622,790,55690,55766,54090,54200,52946,10.91492481,55482.0
2025-01-21,55489,1,1,1,4,54864.57143,54039.5,811.4324488,1400,54990,55690,55766,54089,52848,10.9239581,55389.666666666664
2025-01-22,55385,-1,2,1,4,55055.57143,54224.85714,741.5328397,1337,55489,54990,55690,54048,52790,10.92208213,55288.0
2025-01-23,58598,1,3,1,4,55715.42857,54645.07143,1392.907015,4619,55385,55489,54990,53979,52715,10.97847291,56490.666666666664
2025-01-24,55790,-1,4,1,4,55958.28571,54865.14286,1196.649867,1700,58598,55385,55489,54090,52709,10.92936785,56591.0
2025-01-25,58500,1,5,1,4,56348.85714,55258.07143,1524.649733,2734,55790,58598,55385,55766,52999,10.97679913,57629.333333333336
2025-01-26,58540,1,6,1,4,56756.0,55653.85714,1690.857672,2850,58500,55790,58598,55690,52999,10.97748264,57610.0
2025-01-27,58544,1,0,1,5,57263.71429,55964.14286,1603.525773,3554,58540,58500,55790,54990,54200,10.97755097,58528.0
2025-01-28,59990,1,1,1,5,57906.71429,56385.64286,1674.149009,4501,58544,58540,58500,55489,54089,11.00194983,59024.666666666664
2025-01-29,59990,0,2,1,5,58564.57143,56810.07143,1400.491206,4605,59990,58544,58540,55385,54048,11.00194983,59508.0
2025-01-30,55489,-1,3,1,5,58120.42857,56917.92857,1818.673313,-3109,59990,59990,58544,58598,53979,10.9239581,58489.666666666664
2025-01-31,59980,1,4,1,5,58719.0,57338.64286,1600.23592,4190,55489,59990,59990,55790,54090,11.00178312,58486.333333333336
2025-02-01,59949,-1,5,2,5,58926.0,57637.42857,1659.795469,1449,59980,55489,59990,58500,55766,11.00126616,58472.666666666664
2025-02-02,55919,-1,6,2,5,58551.57143,57653.78571,2018.299685,-2621,59949,59980,55489,58540,55690,10.93167738,58616.0
2025-02-03,59949,1,0,2,6,58752.28571,58008.0,2086.14267,1405,55919,59949,59980,58544,54990,11.00126616,58605.666666666664
2025-02-04,58999,-1,1,2,6,58610.71429,58258.71429,2020.74992,-991,59949,55919,59949,59990,55489,10.98529272,58289.0
2025-02-05,55489,-1,2,2,6,57967.71429,58266.14286,2215.442372,-4501,58999,59949,55919,59990,55385,10.9239581,58145.666666666664
2025-02-06,57999,1,3,2,6,58326.28571,58223.35714,1932.444455,2510,55489,58999,59949,55489,58598,10.96819829,57495.666666666664
2025-02-07,55899,-1,4,2,6,57743.28571,58231.14286,1965.69629,-4081,57999,55489,58999,59980,55790,10.93131966,56462.333333333336
2025-02-08,55899,0,5,2,6,57164.71429,58045.35714,1797.070367,-4050,55899,57999,55489,59949,58500,10.93131966,56599.0
2025-02-09,57944,1,6,2,6,57454.0,58002.78571,1724.647307,2025,55899,55899,57999,55919,58540,10.96724956,56580.666666666664
2025-02-10,57940,-1,0,2,7,57167.0,57959.64286,1371.194005,-2009,57944,55899,55899,59949,58544,10.96718053,57261.0
2025-02-11,57940,0,1,2,7,57015.71429,57813.21429,1180.545879,-1059,57940,57944,55899,58999,59990,10.96718053,57941.333333333336
2025-02-12,57940,0,2,2,7,57365.85714,57666.78571,1002.278975,2451,57940,57940,57944,55489,59990,10.96718053,57940.0
2025-02-13,56999,-1,3,2,7,57223.0,57774.64286,967.663509,-1000,57940,57940,57940,57999,55489,10.95080655,57626.333333333336
2025-02-14,55350,-1,4,2,7,57144.57143,57443.92857,1105.315318,-549,56999,57940,57940,55899,59980,10.92145,56763.0
2025-02-15,55350,0,5,2,7,57066.14286,57115.42857,1221.768722,-549,55350,56999,57940,55899,59949,10.92145,55899.666666666664
2025-02-16,56949,1,6,2,7,56924.0,57189.0,1158.876611,-995,55350,55350,56999,57944,55919,10.94992897,55883.0
2025-02-17,56698,-1,0,2,8,56746.57143,56956.78571,1068.988908,-1242,56949,55350,55350,57940,59949,10.94551185,56332.333333333336
2025-02-18,54999,-1,1,2,8,56326.42857,56671.07143,1099.28141,-2941,56698,56949,55350,57940,58999,10.91508846,56215.333333333336
2025-02-19,57928,1,2,2,8,56324.71429,56845.28571,1096.351178,-12,54999,56698,56949,57940,55489,10.9669734,56541.666666666664
2025-02-20,57928,0,3,2,8,56457.42857,56840.21429,1238.580351,929,57928,54999,56698,56999,57999,10.9669734,56951.666666666664
2025-02-21,57924,-1,4,2,8,56825.14286,56984.85714,1237.095042,2574,57928,57928,54999,55350,55899,10.96690435,57926.666666666664
2025-02-22,57918,-1,5,2,8,57192.0,57129.07143,1099.895904,2568,57924,57928,57928,55350,55899,10.96680076,57923.333333333336
2025-02-23,57909,-1,6,2,8,57329.14286,57126.57143,1124.129949,960,57918,57924,57928,56949,57944,10.96664536,57917.0
2025-02-24,57895,-1,0,2,9,57500.14286,57123.35714,1102.963799,1197,57909,57918,57924,56698,57940,10.96640358,57907.333333333336
2025-02-25,57888,-1,1,2,9,57912.85714,57119.64286,16.12894468,2889,57895,57909,57918,54999,57940,10.96628266,57897.333333333336
2025-02-26,57870,-1,2,2,9,57904.57143,57114.64286,21.16488555,-58,57888,57895,57909,57928,57940,10.96597167,57884.333333333336
2025-02-27,55999,-1,3,2,9,57629.0,57043.21429,718.9997682,-1929,57870,57888,57895,57928,56999,10.93310697,57252.333333333336
2025-02-28,59890,1,4,2,9,57909.85714,57367.5,1123.587621,1966,55999,57870,57888,57924,55350,11.00028152,57919.666666666664
2025-03-01,56999,-1,5,3,9,57778.57143,57485.28571,1174.992036,-919,59890,55999,57870,57918,55350,10.95080655,57629.333333333336
2025-03-02,56999,0,6,3,9,57648.57143,57488.85714,1208.032679,-910,56999,59890,55999,57909,56949,10.95080655,57962.666666666664
2025-03-03,56999,0,0,3,10,57520.57143,57510.35714,1224.920794,-896,56999,56999,59890,57895,56698,10.95080655,56999.0
2025-03-04,56900,-1,1,3,10,57379.42857,57646.14286,1232.425908,-988,56999,56999,56999,57888,54999,10.94906819,56966.0
2025-03-05,56900,0,2,3,10,57240.85714,57572.71429,1222.566894,-970,56900,56999,56999,57870,57928,10.94906819,56933.0
2025-03-06,56999,1,3,3,10,57383.71429,57506.35714,1106.153051,1000,56900,56900,56999,55999,57928,10.95080655,56933.0
2025-03-07,56999,0,4,3,10,56970.71429,57440.28571,48.3070536,-2891,56999,56900,56900,59890,57924,10.95080655,56966.0
2025-03-08,56999,0,5,3,10,56970.71429,57374.64286,48.3070536,0,56999,56999,56900,56999,57918,10.95080655,56999.0
2025-03-09,56999,0,6,3,10,56970.71429,57309.64286,48.3070536,0,56999,56999,56999,56999,57909,10.95080655,56999.0
2025-03-10,56998,-1,0,3,11,56970.57143,57245.57143,48.21084643,-1,56999,56999,56999,56999,57895,10.950789,56998.666666666664
2025-03-11,56998,0,1,3,11,56984.57143,57182.0,37.29547399,98,56998,56999,56999,56900,57888,10.950789,56998.333333333336
2025-03-12,56998,0,2,3,11,56998.57143,57119.71429,0.534521672,98,56998,56998,56999,56900,57870,10.950789,56998.0
2025-03-13,56998,0,3,3,11,56998.42857,57191.07143,0.534521672,-1,56998,56998,56998,56999,55999,10.950789,56998.0
2025-03-14,56998,0,4,3,11,56998.28571,56984.5,0.487949147,-1,56998,56998,56998,56999,59890,10.950789,56998.0
2025-03-15,56998,0,5,3,11,56998.14286,56984.42857,0.377963325,-1,56998,56998,56998,56999,56999,10.950789,56998.0
2025-03-16,56998,0,6,3,11,56998.0,56984.35714,0.0,-1,56998,56998,56998,56999,56999,10.950789,56998.0
2025-03-17,56998,0,0,3,12,56998.0,56984.28571,0.0,0,56998,56998,56998,56998,56999,10.950789,56998.0
2025-03-18,56998,0,1,3,12,56998.0,56991.28571,0.0,0,56998,56998,56998,56998,56900,10.950789,56998.0
2025-03-19,56998,0,2,3,12,56998.0,56998.28571,0.0,0,56998,56998,56998,56998,56900,10.950789,56998.0
2025-03-20,56998,0,3,3,12,56998.0,56998.21429,0.0,0,56998,56998,56998,56998,56999,10.950789,56998.0
2025-03-21,56998,0,4,3,12,56998.0,56998.14286,0.0,0,56998,56998,56998,56998,56999,10.950789,56998.0
2025-03-22,56998,0,5,3,12,56998.0,56998.07143,0.0,0,56998,56998,56998,56998,56999,10.950789,56998.0
2025-03-23,56998,0,6,3,12,56998.0,56998.0,0.0,0,56998,56998,56998,56998,56999,10.950789,56998.0
2025-03-24,56998,0,0,3,13,56998.0,56998.0,0.0,0,56998,56998,56998,56998,56998,10.950789,56998.0
2025-03-25,56998,0,1,3,13,56998.0,56998.0,0.0,0,56998,56998,56998,56998,56998,10.950789,56998.0
2025-03-26,56998,0,2,3,13,56998.0,56998.0,0.0,0,56998,56998,56998,56998,56998,10.950789,56998.0
2025-03-27,56998,0,3,3,13,56998.0,56998.0,0.0,0,56998,56998,56998,56998,56998,10.950789,56998.0
2025-03-28,54495,-1,4,3,13,56640.42857,56819.21429,946.0450759,-2503,56998,56998,56998,56998,56998,10.90588258,56163.666666666664
2025-03-29,54449,-1,5,3,13,56276.28571,56637.14286,1232.633321,-2549,54495,56998,56998,56998,56998,10.90503813,55314.0
2025-03-30,54430,-1,6,3,13,55909.42857,56453.71429,1357.824222,-2568,54449,54495,56998,56998,56998,10.90468912,54458.0
2025-03-31,54299,-1,0,3,14,55523.85714,56260.92857,1380.214649,-2699,54430,54449,54495,56998,56998,10.90227951,54392.666666666664
2025-04-01,51998,-1,1,4,14,54809.57143,55903.78571,1737.675541,-5000,54299,54430,54449,56998,56998,10.85897977,53575.666666666664
2025-04-02,51998,0,2,4,14,54095.28571,55546.64286,1715.681761,-5000,51998,54299,54430,56998,56998,10.85897977,52765.0
2025-04-03,51998,0,3,4,14,53381.0,55189.5,1295.042599,-5000,51998,51998,54299,56998,56998,10.85897977,51998.0
2025-04-04,51998,0,4,4,14,53024.28571,54832.35714,1280.871411,-2497,51998,51998,51998,54495,56998,10.85897977,51998.0
2025-04-05,51998,0,5,4,14,52674.14286,54475.21429,1155.352822,-2451,51998,51998,51998,54449,56998,10.85897977,51998.0
2025-04-06,51998,0,6,4,14,52326.71429,54118.07143,869.6962524,-2432,51998,51998,51998,54430,56998,10.85897977,51998.0
2025-04-07,51998,0,0,4,15,51998.0,53760.92857,0.0,-2301,51998,51998,51998,54299,56998,10.85897977,51998.0
2025-04-08,51998,0,1,4,15,51998.0,53403.78571,0.0,0,51998,51998,51998,51998,56998,10.85897977,51998.0
2025-04-09,51998,0,2,4,15,51998.0,53046.64286,0.0,0,51998,51998,51998,51998,56998,10.85897977,51998.0
2025-04-10,51998,0,3,4,15,51998.0,52689.5,0.0,0,51998,51998,51998,51998,56998,10.85897977,51998.0
2025-04-11,51998,0,4,4,15,51998.0,52511.14286,0.0,0,51998,51998,51998,51998,54495,10.85897977,51998.0
2025-04-12,51998,0,5,4,15,51998.0,52336.07143,0.0,0,51998,51998,51998,51998,54449,10.85897977,51998.0
2025-04-13,51998,0,6,4,15,51998.0,52162.35714,0.0,0,51998,51998,51998,51998,54430,10.85897977,51998.0
2025-04-14,51998,0,0,4,16,51998.0,51998.0,0.0,0,51998,51998,51998,51998,54299,10.85897977,51998.0
2025-04-15,51998,0,1,4,16,51998.0,51998.0,0.0,0,51998,51998,51998,51998,51998,10.85897977,51998.0
2025-04-16,51998,0,2,4,16,51998.0,51998.0,0.0,0,51998,51998,51998,51998,51998,10.85897977,51998.0
2025-04-17,51998,0,3,4,16,51998.0,51998.0,0.0,0,51998,51998,51998,51998,51998,10.85897977,51998.0
2025-04-18,51998,0,4,4,16,51998.0,51998.0,0.0,0,51998,51998,51998,51998,51998,10.85897977,51998.0
2025-04-19,51998,0,5,4,16,51998.0,51998.0,0.0,0,51998,51998,51998,51998,51998,10.85897977,51998.0
2025-04-20,51998,0,6,4,16,51998.0,51998.0,0.0,0,51998,51998,51998,51998,51998,10.85897977,51998.0
2025-04-21,51998,0,0,4,17,51998.0,51998.0,0.0,0,51998,51998,51998,51998,51998,10.85897977,51998.0
2025-04-22,51998,0,1,4,17,51998.0,51998.0,0.0,0,51998,51998,51998,51998,51998,10.85897977,51998.0
2025-04-23,51998,0,2,4,17,51998.0,51998.0,0.0,0,51998,51998,51998,51998,51998,10.85897977,51998.0
2025-04-24,51998,0,3,4,17,51998.0,51998.0,0.0,0,51998,51998,51998,51998,51998,10.85897977,51998.0
2025-04-25,51998,0,4,4,17,51998.0,51998.0,0.0,0,51998,51998,51998,51998,51998,10.85897977,51998.0
2025-04-26,51998,0,5,4,17,51998.0,51998.0,0.0,0,51998,51998,51998,51998,51998,10.85897977,51998.0
2025-04-27,51998,0,6,4,17,51998.0,51998.0,0.0,0,51998,51998,51998,51998,51998,10.85897977,51998.0
2025-04-28,51998,0,0,4,18,51998.0,51998.0,0.0,0,51998,51998,51998,51998,51998,10.85897977,51998.0
2025-04-29,51998,0,1,4,18,51998.0,51998.0,0.0,0,51998,51998,51998,51998,51998,10.85897977,51998.0
2025-04-30,51999,1,2,4,18,51998.14286,51998.07143,0.377962835,1,51998,51998,51998,51998,51998,10.858999,51998.333333333336
2025-05-01,51998,-1,3,5,18,51998.14286,51998.07143,0.377962835,0,51999,51998,51998,51998,51998,10.85897977,51998.333333333336
2025-05-02,51998,0,4,5,18,51998.14286,51998.07143,0.377962835,0,51998,51999,51998,51998,51998,10.85897977,51998.333333333336
2025-05-03,51998,0,5,5,18,51998.14286,51998.07143,0.377962835,0,51998,51998,51999,51998,51998,10.85897977,51998.0
2025-05-04,51998,0,6,5,18,51998.14286,51998.07143,0.377962835,0,51998,51998,51998,51998,51998,10.85897977,51998.0
2025-05-05,51998,0,0,5,19,51998.14286,51998.07143,0.377962835,0,51998,51998,51998,51998,51998,10.85897977,51998.0
2025-05-06,51998,0,1,5,19,51998.14286,51998.07143,0.377962835,0,51998,51998,51998,51998,51998,10.85897977,51998.0
2025-05-07,51998,0,2,5,19,51998.0,51998.07143,0.0,-1,51998,51998,51998,51999,51998,10.85897977,51998.0
2025-05-08,51998,0,3,5,19,51998.0,51998.07143,0.0,0,51998,51998,51998,51998,51998,10.85897977,51998.0
2025-05-09,51998,0,4,5,19,51998.0,51998.07143,0.0,0,51998,51998,51998,51998,51998,10.85897977,51998.0
2025-05-10,51998,0,5,5,19,51998.0,51998.07143,0.0,0,51998,51998,51998,51998,51998,10.85897977,51998.0
2025-05-11,51998,0,6,5,19,51998.0,51998.07143,0.0,0,51998,51998,51998,51998,51998,10.85897977,51998.0
2025-05-12,51998,0,0,5,20,51998.0,51998.07143,0.0,0,51998,51998,51998,51998,51998,10.85897977,51998.0
2025-05-13,51998,0,1,5,20,51998.0,51998.07143,0.0,0,51998,51998,51998,51998,51998,10.85897977,51998.0
2025-05-14,51998,0,2,5,20,51998.0,51998.0,0.0,0,51998,51998,51998,51998,51999,10.85897977,51998.0
2025-05-15,51998,0,3,5,20,51998.0,51998.0,0.0,0,51998,51998,51998,51998,51998,10.85897977,51998.0
2025-05-16,51998,0,4,5,20,51998.0,51998.0,0.0,0,51998,51998,51998,51998,51998,10.85897977,51998.0
2025-05-17,51998,0,5,5,20,51998.0,51998.0,0.0,0,51998,51998,51998,51998,51998,10.85897977,51998.0
2025-05-18,51998,0,6,5,20,51998.0,51998.0,0.0,0,51998,51998,51998,51998,51998,10.85897977,51998.0
2025-05-19,51998,0,0,5,21,51998.0,51998.0,0.0,0,51998,51998,51998,51998,51998,10.85897977,51998.0
2025-05-20,51998,0,1,5,21,51998.0,51998.0,0.0,0,51998,51998,51998,51998,51998,10.85897977,51998.0
2025-05-21,51998,0,2,5,21,51998.0,51998.0,0.0,0,51998,51998,51998,51998,51998,10.85897977,51998.0
2025-05-22,51998,0,3,5,21,51998.0,51998.0,0.0,0,51998,51998,51998,51998,51998,10.85897977,51998.0
2025-05-23,51998,0,4,5,21,51998.0,51998.0,0.0,0,51998,51998,51998,51998,51998,10.85897977,51998.0
2025-05-24,51998,0,5,5,21,51998.0,51998.0,0.0,0,51998,51998,51998,51998,51998,10.85897977,51998.0
2025-05-25,51998,0,6,5,21,51998.0,51998.0,0.0,0,51998,51998,51998,51998,51998,10.85897977,51998.0
2025-05-26,51998,0,0,5,22,51998.0,51998.0,0.0,0,51998,51998,51998,51998,51998,10.85897977,51998.0
2025-05-27,51998,0,1,5,22,51998.0,51998.0,0.0,0,51998,51998,51998,51998,51998,10.85897977,51998.0
2025-05-28,51998,0,2,5,22,51998.0,51998.0,0.0,0,51998,51998,51998,51998,51998,10.85897977,51998.0
2025-05-29,51998,0,3,5,22,51998.0,51998.0,0.0,0,51998,51998,51998,51998,51998,10.85897977,51998.0
2025-05-30,51998,0,4,5,22,51998.0,51998.0,0.0,0,51998,51998,51998,51998,51998,10.85897977,51998.0
2025-05-31,51998,0,5,5,22,51998.0,51998.0,0.0,0,51998,51998,51998,51998,51998,10.85897977,51998.0
2025-06-01,51998,0,6,6,22,51998.0,51998.0,0.0,0,51998,51998,51998,51998,51998,10.85897977,51998.0
2025-06-02,51998,0,0,6,23,51998.0,51998.0,0.0,0,51998,51998,51998,51998,51998,10.85897977,51998.0
2025-06-03,51998,0,1,6,23,51998.0,51998.0,0.0,0,51998,51998,51998,51998,51998,10.85897977,51998.0
2025-06-04,51998,0,2,6,23,51998.0,51998.0,0.0,0,51998,51998,51998,51998,51998,10.85897977,51998.0
2025-06-05,51998,0,3,6,23,51998.0,51998.0,0.0,0,51998,51998,51998,51998,51998,10.85897977,51998.0
2025-06-06,51998,0,4,6,23,51998.0,51998.0,0.0,0,51998,51998,51998,51998,51998,10.85897977,51998.0
2025-06-07,51999,1,5,6,23,51998.14286,51998.07143,0.377962835,1,51998,51998,51998,51998,51998,10.858999,51998.333333333336
2025-06-08,51999,0,6,6,23,51998.28571,51998.14286,0.487948768,1,51999,51998,51998,51998,51998,10.858999,51998.666666666664
2025-06-09,51998,-1,0,6,24,51998.28571,51998.14286,0.487948768,0,51999,51999,51998,51998,51998,10.85897977,51998.666666666664
2025-06-10,51998,0,1,6,24,51998.28571,51998.14286,0.487948768,0,51998,51999,51999,51998,51998,10.85897977,51998.333333333336
2025-06-11,51998,0,2,6,24,51998.28571,51998.14286,0.487948768,0,51998,51998,51999,51998,51998,10.85897977,51998.0
2025-06-12,51998,0,3,6,24,51998.28571,51998.14286,0.487948768,0,51998,51998,51998,51998,51998,10.85897977,51998.0
2025-06-13,51998,0,4,6,24,51998.28571,51998.14286,0.487948768,0,51998,51998,51998,51998,51998,10.85897977,51998.0
2025-06-14,51998,0,5,6,24,51998.14286,51998.14286,0.377962835,-1,51998,51998,51998,51999,51998,10.85897977,51998.0
2025-06-15,51998,0,6,6,24,51998.0,51998.14286,0.0,-1,51998,51998,51998,51999,51998,10.85897977,51998.0
2025-06-16,51998,0,0,6,25,51998.0,51998.14286,0.0,0,51998,51998,51998,51998,51998,10.85897977,51998.0
2025-06-17,51998,0,1,6,25,51998.0,51998.14286,0.0,0,51998,51998,51998,51998,51998,10.85897977,51998.0
2025-06-18,51998,0,2,6,25,51998.0,51998.14286,0.0,0,51998,51998,51998,51998,51998,10.85897977,51998.0
2025-06-19,51998,0,3,6,25,51998.0,51998.14286,0.0,0,51998,51998,51998,51998,51998,10.85897977,51998.0
2025-06-20,51998,0,4,6,25,51998.0,51998.14286,0.0,0,51998,51998,51998,51998,51998,10.85897977,51998.0
2025-06-21,51998,0,5,6,25,51998.0,51998.07143,0.0,0,51998,51998,51998,51998,51999,10.85897977,51998.0
2025-06-22,47599,-1,6,6,25,51369.57143,51683.78571,1662.665717,-4399,51998,51998,51998,51998,51999,10.77058804,50531.666666666664
2025-06-23,47599,0,0,6,26,50741.14286,51369.57143,2146.49221,-4399,47599,51998,51998,51998,51998,10.77058804,49065.333333333336
2025-06-24,49999,1,1,6,26,50455.57143,51226.78571,2083.458731,-1999,47599,47599,51998,51998,51998,10.81977828,48399.0
2025-06-25,50499,1,2,6,26,50241.42857,51119.71429,1972.587206,-1499,49999,47599,47599,51998,51998,10.82972862,49365.666666666664
2025-06-26,51999,1,3,6,26,50241.57143,51119.78571,1972.735652,1,50499,49999,47599,51998,51998,10.858999,50832.333333333336
2025-06-27,50499,-1,4,6,26,50027.42857,51012.71429,1826.213921,-1499,51999,50499,49999,51998,51998,10.82972862,50999.0
2025-06-28,51990,1,5,6,26,50026.28571,51012.14286,1824.777129,-8,50499,51999,50499,51998,51998,10.85882591,51496.0
2025-06-29,51998,1,6,6,26,50654.71429,51012.14286,1592.186831,4399,51990,50499,51999,47599,51998,10.85897977,51495.666666666664
2025-06-30,51998,0,0,6,27,51283.14286,51012.14286,904.8869964,4399,51998,51990,50499,47599,51998,10.85897977,51995.333333333336
2025-07-01,51997,-1,1,7,27,51568.57143,51012.07143,730.6624522,1998,51998,51998,51990,49999,51998,10.85896054,51997.666666666664
2025-07-02,51997,0,2,7,27,51782.57143,51012.0,566.0096752,1498,51997,51998,51998,50499,51998,10.85896054,51997.333333333336
2025-07-03,51997,0,3,7,27,51782.28571,51011.92857,565.882707,-2,51997,51997,51998,51999,51998,10.85896054,51997.0
2025-07-04,51997,0,4,7,27,51996.28571,51011.85714,2.811540622,1498,51997,51997,51997,50499,51998,10.85896054,51997.0
2025-07-05,51997,0,5,7,27,51997.28571,51011.78571,0.487948768,7,51997,51997,51997,51990,51998,10.85896054,51997.0
2025-07-06,51997,0,6,7,27,51997.14286,51325.92857,0.377962836,-1,51997,51997,51997,51998,47599,10.85896054,51997.0
2025-07-07,51997,0,0,7,28,51997.0,51640.07143,0.0,-1,51997,51997,51997,51998,47599,10.85896054,51997.0
2025-07-08,51997,0,1,7,28,51997.0,51782.78571,0.0,0,51997,51997,51997,51997,49999,10.85896054,51997.0
2025-07-09,51997,0,2,7,28,51997.0,51889.78571,0.0,0,51997,51997,51997,51997,50499,10.85896054,51997.0
2025-07-10,51997,0,3,7,28,51997.0,51889.64286,0.0,0,51997,51997,51997,51997,51999,10.85896054,51997.0
2025-07-11,51999,1,4,7,28,51997.28571,51996.78571,0.755928127,2,51997,51997,51997,51997,50499,10.858999,51997.666666666664
2025-07-12,51997,-1,5,7,28,51997.28571,51997.28571,0.755928127,0,51999,51997,51997,51997,51990,10.85896054,51997.666666666664
2025-07-13,51997,0,6,7,28,51997.28571,51997.21429,0.755928127,0,51997,51999,51997,51997,51998,10.85896054,51997.666666666664
2025-07-14,51997,0,0,7,29,51997.28571,51997.14286,0.755928127,0,51997,51997,51999,51997,51998,10.85896054,51997.0
2025-07-15,51997,0,1,7,29,51997.28571,51997.14286,0.755928127,0,51997,51997,51997,51997,51997,10.85896054,51997.0
2025-07-16,51997,0,2,7,29,51997.28571,51997.14286,0.755928127,0,51997,51997,51997,51997,51997,10.85896054,51997.0
2025-07-17,51997,0,3,7,29,51997.28571,51997.14286,0.755928127,0,51997,51997,51997,51997,51997,10.85896054,51997.0
2025-07-18,51997,0,4,7,29,51997.0,51997.14286,0.0,-2,51997,51997,51997,51999,51997,10.85896054,51997.0
2025-07-19,51997,0,5,7,29,51997.0,51997.14286,0.0,0,51997,51997,51997,51997,51997,10.85896054,51997.0
2025-07-20,51997,0,6,7,29,51997.0,51997.14286,0.0,0,51997,51997,51997,51997,51997,10.85896054,51997.0
2025-07-21,51997,0,0,7,30,51997.0,51997.14286,0.0,0,51997,51997,51997,51997,51997,10.85896054,51997.0
2025-07-22,51997,0,1,7,30,51997.0,51997.14286,0.0,0,51997,51997,51997,51997,51997,10.85896054,51997.0
2025-07-23,51997,0,2,7,30,51997.0,51997.14286,0.0,0,51997,51997,51997,51997,51997,10.85896054,51997.0
2025-07-24,51997,0,3,7,30,51997.0,51997.14286,0.0,0,51997,51997,51997,51997,51997,10.85896054,51997.0
2025-07-25,51997,0,4,7,30,51997.0,51997.0,0.0,0,51997,51997,51997,51997,51999,10.85896054,51997.0
2025-07-26,51997,0,5,7,30,51997.0,51997.0,0.0,0,51997,51997,51997,51997,51997,10.85896054,51997.0
2025-07-27,51997,0,6,7,30,51997.0,51997.0,0.0,0,51997,51997,51997,51997,51997,10.85896054,51997.0
2025-07-28,51997,0,0,7,31,51997.0,51997.0,0.0,0,51997,51997,51997,51997,51997,10.85896054,51997.0
2025-07-29,51997,0,1,7,31,51997.0,51997.0,0.0,0,51997,51997,51997,51997,51997,10.85896054,51997.0
2025-07-30,51997,0,2,7,31,51997.0,51997.0,0.0,0,51997,51997,51997,51997,51997,10.85896054,51997.0
2025-07-31,51997,0,3,7,31,51997.0,51997.0,0.0,0,51997,51997,51997,51997,51997,10.85896054,51997.0
2025-08-01,51997,0,4,8,31,51997.0,51997.0,0.0,0,51997,51997,51997,51997,51997,10.85896054,51997.0
2025-08-02,51997,0,5,8,31,51997.0,51997.0,0.0,0,51997,51997,51997,51997,51997,10.85896054,51997.0
2025-08-03,51997,0,6,8,31,51997.0,51997.0,0.0,0,51997,51997,51997,51997,51997,10.85896054,51997.0
2025-08-04,56999,1,0,8,32,52711.57143,52354.28571,1890.578294,5002,51997,51997,51997,51997,51997,10.95080655,53664.333333333336
2025-08-05,56999,0,1,8,32,53426.14286,52711.57143,2440.726082,5002,56999,51997,51997,51997,51997,10.95080655,55331.666666666664
2025-08-06,56499,-1,2,8,32,54069.28571,53033.14286,2589.96253,4502,56999,56999,51997,51997,51997,10.94199592,56832.333333333336
2025-08-07,56999,1,3,8,32,54783.85714,53390.42857,2612.853066,5002,56499,56999,56999,51997,51997,10.95080655,56832.333333333336
2025-08-08,57599,1,4,8,32,55584.14286,53790.57143,2471.074761,5602,56999,56499,56999,51997,51997,10.96127785,57032.333333333336
2025-08-09,57599,0,5,8,32,56384.42857,54190.71429,1972.566759,5602,57599,56999,56499,51997,51997,10.96127785,57399.0
2025-08-10,57599,0,6,8,32,57184.71429,54590.85714,425.944329,5602,57599,57599,56999,51997,51997,10.96127785,57599.0
2025-08-11,57599,0,0,8,33,57270.42857,54991.0,442.3960733,600,57599,57599,57599,56999,51997,10.96127785,57599.0
2025-08-12,57599,0,1,8,33,57356.14286,55391.14286,439.1550328,600,57599,57599,57599,56999,51997,10.96127785,57599.0
2025-08-13,54998,-1,2,8,33,57141.71429,55605.5,971.3761225,-1501,57599,57599,57599,56499,51997,10.91507028,56732.0
2025-08-14,54900,-1,3,8,33,56841.85714,55812.85714,1293.37703,-2099,54998,57599,57599,56999,51997,10.91328684,55832.333333333336
2025-08-15,54998,1,4,8,33,56470.28571,56027.21429,1408.133009,-2601,54900,54998,57599,57599,51997,10.91507028,54965.333333333336
2025-08-16,54899,-1,5,8,33,56084.57143,56234.5,1417.188867,-2700,54998,54900,54998,57599,51997,10.91326863,54932.333333333336
2025-08-17,54889,-1,6,8,33,55697.42857,56441.07143,1299.825996,-2710,54899,54998,54900,57599,51997,10.91308646,54928.666666666664
2025-08-18,54800,-1,0,8,34,55297.57143,56284.0,1017.143854,-2799,54889,54899,54998,57599,56999,10.91146372,54862.666666666664
2025-08-19,53999,-1,1,8,34,54783.28571,56069.71429,352.5562434,-3600,54800,54889,54899,57599,56999,10.89673933,54562.666666666664
2025-08-20,53999,0,2,8,34,54640.57143,55891.14286,442.0040939,-999,53999,54800,54889,54998,56499,10.89673933,54266.0
2025-08-21,53990,-1,3,8,34,54510.57143,55676.21429,484.7414628,-910,53999,53999,54800,54900,56999,10.89657264,53996.0
2025-08-22,53999,1,4,8,34,54367.85714,55419.07143,463.9311833,-999,53990,53999,53999,54998,57599,10.89673933,53996.0
2025-08-23,53999,0,5,8,34,54239.28571,55161.92857,414.2506143,-900,53999,53990,53999,54899,57599,10.89673933,53996.0
2025-08-24,53999,0,6,8,34,54112.14286,54904.78571,303.335034,-890,53999,53999,53990,54889,57599,10.89673933,53999.0
2025-08-25,53999,0,0,8,35,53997.71429,54647.64286,3.401680092,-801,53999,53999,53999,54800,57599,10.89673933,53999.0
2025-08-26,57999,1,1,8,35,54569.14286,54676.21429,1512.428558,4000,53999,53999,53999,53999,57599,10.96819829,55332.333333333336
2025-08-27,57999,0,2,8,35,55140.57143,54890.57143,1952.681221,4000,57999,53999,53999,53999,54998,10.96819829,56665.666666666664
2025-08-28,57999,0,3,8,35,55713.28571,55111.92857,2138.089935,4009,57999,57999,53999,53990,54900,10.96819829,57999.0
2025-08-29,57999,0,4,8,35,56284.71429,55326.28571,2138.089935,4000,57999,57999,57999,53999,54998,10.96819829,57999.0
2025-08-30,64997,1,5,8,35,57855.85714,56047.57143,3670.344554,10998,57999,57999,57999,53999,54899,11.08211178,60331.666666666664
2025-08-31,57999,-1,6,8,35,58427.28571,56269.71429,3258.015844,4000,64997,57999,57999,53999,54889,10.96819829,60331.666666666664
2025-09-01,64999,1,0,9,36,59998.71429,56998.21429,3415.162354,11000,57999,64997,57999,53999,54800,11.08214255,62665.0
2025-09-02,54989,-1,1,9,36,59568.71429,57068.92857,3868.334772,-3010,64999,57999,64997,57999,53999,10.91490663,59329.0
2025-09-03,55000,1,2,9,36,59140.28571,57140.42857,4221.14466,-2999,54989,64999,57999,57999,53999,10.91510665,58329.333333333336
2025-09-04,55000,0,3,9,36,58711.85714,57212.57143,4499.313815,-2999,55000,54989,64999,57999,53990,10.91510665,54996.333333333336
2025-09-05,55990,1,4,9,36,58424.85714,57354.78571,4614.952272,-2009,55000,55000,54989,57999,53999,10.93294624,55330.0
2025-09-06,57990,1,5,9,36,57423.85714,57639.85714,3600.202283,-7007,55990,55000,55000,64997,53999,10.96804311,56326.666666666664
2025-09-07,57990,0,6,9,36,57422.57143,57924.92857,3599.964252,-9,57990,55990,55000,57999,53999,10.96804311,57323.333333333336
2025-09-08,54900,-1,0,9,37,55979.85714,57989.28571,1423.000402,-10099,57990,57990,55990,64999,53999,10.91328684,56960.0
2025-09-09,54990,1,1,9,37,55980.0,57774.35714,1422.884394,1,54900,57990,57990,54989,57999,10.91492481,55960.0
2025-09-10,54900,-1,2,9,37,55965.71429,57553.0,1434.815402,-100,54990,54900,57990,55000,57999,10.91328684,54930.0
2025-09-11,54900,0,3,9,37,55951.42857,57331.64286,1446.48342,-100,54900,54990,54900,55000,57999,10.91328684,54930.0
2025-09-12,51500,-1,4,9,37,55310.0,56867.42857,2216.889713,-4490,54900,54900,54990,55990,57999,10.8493565,53766.666666666664
2025-09-13,54999,1,5,9,37,54882.71429,56153.28571,1876.33994,-2991,51500,54900,54900,57990,64997,10.91508846,53799.666666666664
2025-09-14,51500,-1,6,9,37,53955.57143,55689.07143,1678.008925,-6490,54999,51500,54900,57990,57999,10.8493565,52666.333333333336
2025-09-15,51500,0,0,9,38,53469.85714,54724.85714,1843.038291,-3400,51500,54999,51500,54900,64999,10.8493565,52666.333333333336
2025-09-16,51500,0,1,9,38,52971.28571,54475.64286,1835.312391,-3490,51500,51500,54999,54990,54989,10.8493565,51500.0
2025-09-17,54990,1,2,9,38,52984.14286,54474.92857,1851.321188,90,51500,51500,51500,54900,55000,10.91492481,52663.333333333336
2025-09-18,57999,1,3,9,38,53426.85714,54689.14286,2603.54415,3099,54990,51500,51500,54900,55000,10.96819829,54829.666666666664
2025-09-19,57999,0,4,9,38,54355.28571,54832.64286,2939.061852,6499,57999,54990,51500,51500,55990,10.96819829,56996.0
2025-09-20,54999,-1,5,9,38,54355.28571,54619.0,2939.061852,0,57999,57999,54990,54999,57990,10.91508846,56999.0
2025-09-21,54999,0,6,9,38,54855.14286,54405.35714,2656.476954,3499,54999,57999,57999,51500,57990,10.91508846,55999.0
2025-09-22,54999,0,0,9,39,55355.0,54412.42857,2211.934674,3499,54999,54999,57999,51500,54900,10.91508846,54999.0
2025-09-23,54999,0,1,9,39,55854.85714,54413.07143,1464.732106,3499,54999,54999,54999,51500,54990,10.91508846,54999.0
2025-09-24,54999,0,2,9,39,55856.14286,54420.14286,1463.850109,9,54999,54999,54999,54990,54900,10.91508846,54999.0
2025-09-25,64999,1,3,9,39,56856.14286,55141.5,3760.699023,7000,54999,54999,54999,57999,54900,11.08214255,58332.333333333336
2025-09-26,54999,-1,4,9,39,56427.57143,55391.42857,3779.64473,-3000,64999,54999,54999,57999,51500,10.91508846,58332.333333333336
2025-09-27,54999,0,5,9,39,56427.57143,55391.42857,3779.64473,0,54999,64999,54999,54999,54999,10.91508846,58332.333333333336
2025-09-28,54999,0,6,9,39,56427.57143,55641.35714,3779.64473,0,54999,54999,64999,54999,51500,10.91508846,54999.0
2025-09-29,64999,1,0,9,40,57856.14286,56605.57143,4879.500365,10000,54999,54999,54999,54999,51500,11.08214255,58332.333333333336
2025-09-30,50999,-1,1,9,40,57284.71429,56569.78571,5468.524655,-4000,64999,54999,54999,54999,51500,10.83958091,56999.0
2025-10-01,50999,0,2,10,40,56713.28571,56284.71429,5936.168397,-4000,50999,64999,54999,54999,54990,10.83958091,55665.666666666664
2025-10-02,50999,0,3,10,40,54713.28571,55784.71429,4956.957592,-14000,50999,50999,64999,64999,57999,10.83958091,50999.0
2025-10-03,57990,1,4,10,40,55140.57143,55784.07143,5112.171484,2991,50999,50999,50999,54999,57999,10.96804311,53329.333333333336
2025-10-04,57490,-1,5,10,40,55496.42857,55962.0,5186.828121,2491,57990,50999,50999,54999,54999,10.95938369,55493.0
2025-10-05,56990,-1,6,10,40,55780.85714,56104.21429,5209.544747,1991,57490,57990,50999,54999,54999,10.95064864,57490.0
2025-10-06,56990,0,0,10,41,54636.71429,56246.42857,3419.565456,-8009,56990,57490,57990,64999,54999,10.95064864,57156.666666666664
2025-10-07,56990,0,1,10,41,55492.57143,56388.64286,3091.335087,5991,56990,56990,57490,50999,54999,10.95064864,56990.0
2025-10-08,56990,0,2,10,41,56348.42857,56530.85714,2389.58796,5991,56990,56990,56990,50999,54999,10.95064864,56990.0
2025-10-09,56990,0,3,10,41,57204.28571,55958.78571,393.3978962,5991,56990,56990,56990,50999,64999,10.95064864,56990.0
2025-10-10,56990,0,4,10,41,57061.42857,56101.0,188.9822365,-1000,56990,56990,56990,57990,54999,10.95064864,56990.0
2025-10-11,57990,1,5,10,41,57132.85714,56314.64286,377.964473,500,56990,56990,56990,57490,54999,10.96804311,57323.333333333336
2025-10-12,57990,0,6,10,41,57275.71429,56528.28571,487.9500365,1000,57990,56990,56990,56990,54999,10.96804311,57656.666666666664
2025-10-13,57990,0,0,10,42,57418.57143,56027.64286,534.5224838,1000,57990,57990,56990,56990,64999,10.96804311,57990.0
2025-10-14,57990,0,1,10,42,57561.42857,56527.0,534.5224838,1000,57990,57990,57990,56990,50999,10.96804311,57990.0
2025-10-15,63999,1,2,10,42,58562.71429,57455.57143,2443.087849,7009,57990,57990,57990,56990,50999,11.06663836,59993.0
2025-10-16,57980,-1,3,10,42,58704.14286,57954.21429,2364.253965,990,63999,57990,57990,56990,50999,10.96787065,59989.666666666664
2025-10-17,57980,0,4,10,42,58845.57143,57953.5,2272.453289,990,57980,63999,57990,56990,57990,10.96787065,59986.333333333336
2025-10-18,54999,-1,5,10,42,58418.28571,57775.57143,2700.936919,-2991,57980,57980,63999,57990,57490,10.91508846,56986.333333333336
2025-10-19,54999,0,6,10,42,57991.0,57633.35714,3000.012111,-2991,54999,57980,57980,57990,56990,10.91508846,55992.666666666664
2025-10-20,56490,1,0,10,43,57776.71429,57597.64286,3053.195251,-1500,54999,54999,57980,57990,56990,10.94183661,55496.0
2025-10-21,56440,-1,1,10,43,57555.28571,57558.35714,3091.119199,-1550,56490,54999,54999,57990,56990,10.94095112,55976.333333333336
2025-10-22,56440,0,2,10,43,56475.42857,57519.07143,1217.2288,-7559,56440,56490,54999,63999,56990,10.94095112,56456.666666666664
2025-10-23,56440,0,3,10,43,56255.42857,57479.78571,1023.767203,-1540,56440,56440,56490,57980,56990,10.94095112,56440.0
2025-10-24,56440,0,4,10,43,56035.42857,57440.5,708.2508635,-1540,56440,56440,56440,57980,56990,10.94095112,56440.0
2025-10-25,56440,0,5,10,43,56241.28571,57329.78571,548.1133442,1441,56440,56440,56440,54999,57990,10.94095112,56440.0
2025-10-26,56440,0,6,10,43,56447.14286,57219.07143,18.89822363,1441,56440,56440,56440,54999,57990,10.94095112,56440.0
2025-10-27,56440,0,0,10,44,56440.0,57108.35714,0.0,-50,56440,56440,56440,56490,57990,10.94095112,56440.0
2025-10-28,56440,0,1,10,44,56440.0,56997.64286,0.0,0,56440,56440,56440,56440,57990,10.94095112,56440.0
2025-10-29,56440,0,2,10,44,56440.0,56457.71429,0.0,0,56440,56440,56440,56440,63999,10.94095112,56440.0
2025-10-30,56440,0,3,10,44,56440.0,56347.71429,0.0,0,56440,56440,56440,56440,57980,10.94095112,56440.0
2025-10-31,56440,0,4,10,44,56440.0,56237.71429,0.0,0,56440,56440,56440,56440,57980,10.94095112,56440.0
2025-11-01,56440,0,5,11,44,56440.0,56340.64286,0.0,0,56440,56440,56440,56440,54999,10.94095112,56440.0
2025-11-02,56440,0,6,11,44,56440.0,56443.57143,0.0,0,56440,56440,56440,56440,54999,10.94095112,56440.0
2025-11-03,56440,0,0,11,45,56440.0,56440.0,0.0,0,56440,56440,56440,56440,56490,10.94095112,56440.0
2025-11-04,56440,0,1,11,45,56440.0,56440.0,0.0,0,56440,56440,56440,56440,56440,10.94095112,56440.0
2025-11-05,56440,0,2,11,45,56440.0,56440.0,0.0,0,56440,56440,56440,56440,56440,10.94095112,56440.0
2025-11-06,45999,-1,3,11,45,54948.42857,55694.21429,3946.327063,-10441,56440,56440,56440,56440,56440,10.73639668,52959.666666666664
2025-11-07,56440,1,4,11,45,54948.42857,55694.21429,3946.327063,0,45999,56440,56440,56440,56440,10.94095112,52959.666666666664
2025-11-08,56440,0,5,11,45,54948.42857,55694.21429,3946.327063,0,56440,45999,56440,56440,56440,10.94095112,52959.666666666664
2025-11-09,56440,0,6,11,45,54948.42857,55694.21429,3946.327063,0,56440,56440,45999,56440,56440,10.94095112,56440.0
2025-11-10,56440,0,0,11,46,54948.42857,55694.21429,3946.327063,0,56440,56440,56440,56440,56440,10.94095112,56440.0
2025-11-11,56440,0,1,11,46,54948.42857,55694.21429,3946.327063,0,56440,56440,56440,56440,56440,10.94095112,56440.0
2025-11-12,56440,0,2,11,46,54948.42857,55694.21429,3946.327063,0,56440,56440,56440,56440,56440,10.94095112,56440.0
2025-11-13,56440,0,3,11,46,56440.0,55694.21429,0.0,10441,56440,56440,56440,45999,56440,10.94095112,56440.0
2025-11-14,56440,0,4,11,46,56440.0,55694.21429,0.0,0,56440,56440,56440,56440,56440,10.94095112,56440.0
2025-11-15,51999,-1,5,11,46,55805.57143,55377.0,1678.540225,-4441,56440,56440,56440,56440,56440,10.858999,54959.666666666664
2025-11-16,51999,0,6,11,46,55171.14286,55059.78571,2166.986112,-4441,51999,56440,56440,56440,56440,10.858999,53479.333333333336
2025-11-17,51999,0,0,11,47,54536.71429,54742.57143,2373.814351,-4441,51999,51999,56440,56440,56440,10.858999,51999.0
2025-11-18,56440,1,1,11,47,54536.71429,54742.57143,2373.814351,0,51999,51999,51999,56440,56440,10.94095112,53479.333333333336
2025-11-19,56440,0,2,11,47,54536.71429,54742.57143,2373.814351,0,56440,51999,51999,56440,56440,10.94095112,54959.666666666664
2025-11-20,56440,0,3,11,47,54536.71429,55488.35714,2373.814351,0,56440,56440,51999,56440,45999,10.94095112,56440.0
2025-11-21,50399,-1,4,11,47,53673.71429,55056.85714,2648.734523,-6041,56440,56440,56440,56440,56440,10.82774645,54426.333333333336
2025-11-22,56440,1,5,11,47,54308.14286,55056.85714,2711.854804,4441,50399,56440,56440,51999,56440,10.94095112,54426.333333333336
2025-11-23,56440,0,6,11,47,54942.57143,55056.85714,2598.721343,4441,56440,50399,56440,51999,56440,10.94095112,54426.333333333336
2025-11-24,56440,0,0,11,48,55577.0,55056.85714,2283.283381,4441,56440,56440,50399,51999,56440,10.94095112,56440.0
2025-11-25,56440,0,1,11,48,55577.0,55056.85714,2283.283381,0,56440,56440,56440,56440,56440,10.94095112,56440.0
2025-11-26,56440,0,2,11,48,55577.0,55056.85714,2283.283381,0,56440,56440,56440,56440,56440,10.94095112,56440.0
2025-11-27,56440,0,3,11,48,55577.0,55056.85714,2283.283381,0,56440,56440,56440,56440,56440,10.94095112,56440.0
2025-11-28,50999,-1,4,11,48,55662.71429,54668.21429,2056.504698,600,56440,56440,56440,50399,56440,10.83958091,54626.333333333336
2025-11-29,50999,0,5,11,48,54885.42857,54596.78571,2654.936148,-5441,50999,56440,56440,56440,51999,10.83958091,52812.666666666664
2025-11-30,50999,0,6,11,48,54108.14286,54525.35714,2908.336834,-5441,50999,50999,56440,56440,51999,10.83958091,50999.0
2025-12-01,50990,-1,0,12,49,53329.57143,54453.28571,2909.54125,-5450,50999,50999,50999,56440,51999,10.83940443,50996.0
2025-12-02,50909,-1,1,12,49,52539.42857,54058.21429,2664.792103,-5531,50990,50999,50999,56440,56440,10.83781465,50966.0
2025-12-03,50909,0,2,12,49,51749.28571,53663.14286,2068.826617,-5531,50909,50990,50999,56440,56440,10.83781465,50936.0
2025-12-04,50888,-1,3,12,49,50956.14286,53266.57143,51.22638827,-5552,50909,50909,50990,56440,56440,10.83740207,50902.0
2025-12-05,50888,0,4,12,49,50940.28571,53301.5,52.90152575,-111,50888,50909,50909,50999,50399,10.83740207,50895.0
2025-12-06,45999,-1,5,12,49,50226.0,52555.71429,1864.502615,-5000,50888,50888,50909,50999,56440,10.73639668,49258.333333333336
2025-12-07,45999,0,6,12,49,49511.71429,51809.92857,2399.888589,-5000,45999,50888,50888,50999,56440,10.73639668,47628.666666666664
2025-12-08,50899,1,0,12,50,49498.71429,51414.14286,2390.775377,-91,45999,45999,50888,50990,56440,10.8376182,47632.333333333336
2025-12-09,64999,1,1,12,50,51511.57143,52025.5,6379.702654,14090,50899,45999,45999,50909,56440,11.08214255,53965.666666666664
2025-12-10,52000,-1,2,12,50,51667.42857,51708.35714,6375.853743,1091,64999,50899,45999,50909,56440,10.85901823,55966.0
2025-12-11,55440,1,3,12,50,52317.71429,51636.92857,6513.751498,4552,52000,64999,50899,50888,56440,10.92307467,57479.666666666664
2025-12-12,54440,-1,4,12,50,52825.14286,51882.71429,6522.159393,3552,55440,52000,64999,50888,50999,10.90487283,53960.0
2025-12-13,53440,-1,5,12,50,53888.14286,52057.07143,5789.407265,7441,54440,55440,52000,45999,50999,10.88633352,54440.0
2025-12-14,52440,-1,6,12,50,54808.28571,52160.0,4744.036984,6441,53440,54440,55440,45999,50999,10.86744401,53440.0
2025-12-15,51440,-1,0,12,51,54885.57143,52192.14286,4673.620005,541,52440,53440,54440,50899,50990,10.8481908,52440.0
2025-12-16,51440,0,1,12,51,52948.57143,52230.07143,1548.283227,-13559,51440,52440,53440,64999,50909,10.8481908,51773.333333333336
2025-12-17,51440,0,2,12,51,52868.57143,52268.0,1618.347187,-560,51440,51440,52440,52000,50909,10.8481908,51440.0
2025-12-18,51440,0,3,12,51,52297.14286,52307.42857,1214.985793,-4000,51440,51440,51440,55440,50888,10.8481908,51440.0
2025-12-19,51440,0,4,12,51,51868.57143,52346.85714,786.7957925,-3000,51440,51440,51440,54440,50888,10.8481908,51440.0
2025-12-20,64999,1,5,12,51,53519.85714,53704.0,5075.526916,11559,51440,51440,51440,53440,45999,11.08214255,55959.666666666664
2025-12-21,64999,0,6,12,51,55314.0,55061.14286,6616.114545,12559,64999,51440,51440,52440,45999,11.08214255,60479.333333333336
2025-12-22,50909,-1,0,12,52,55238.14286,55061.85714,6670.753316,-531,64999,64999,51440,51440,50899,10.83781465,60302.333333333336
2025-12-23,50909,0,1,12,52,55162.28571,54055.42857,6723.949824,-531,50909,64999,64999,51440,64999,10.83781465,55605.666666666664
2025-12-24,50934,1,2,12,52,55090.0,53979.28571,6773.175277,-506,50909,50909,64999,51440,52000,10.83830559,50917.333333333336
2025-12-25,50596,-1,3,12,52,54969.42857,53633.28571,6855.985143,-844,50934,50909,50909,51440,55440,10.83164756,50813.0
2025-12-26,49990,-1,4,12,52,54762.28571,53315.42857,7000.769951,-1450,50596,50934,50909,51440,54440,10.81959827,50506.666666666664
2025-12-27,49675,-1,5,12,52,52573.14286,53046.5,5501.642344,-15324,49990,50596,50934,64999,53440,10.8132772,50087.0
2025-12-28,52395,1,6,12,52,50772.57143,53043.28571,870.231551,-12604,49675,49990,50596,64999,52440,10.86658553,50686.666666666664
2025-12-29,52395,0,0,12,1,50984.85714,53111.5,1067.865695,1486,52395,49675,49990,50909,51440,10.86658553,51488.333333333336
2025-12-30,52395,0,1,12,1,51197.14286,53179.71429,1190.890063,1486,52395,52395,49675,50909,51440,10.86658553,52395.0
2025-12-31,52395,0,2,12,1,51405.85714,53247.92857,1262.933151,1461,52395,52395,52395,50934,51440,10.86658553,52395.0
2026-01-01,52395,0,3,1,1,51662.85714,53316.14286,1253.674124,1799,52395,52395,52395,50596,51440,10.86658553,52395.0
2026-01-02,49491,-1,4,1,1,51591.57143,53176.92857,1373.143214,-499,52395,52395,52395,49990,51440,10.80956632,51427.0
2026-01-03,49231,-1,5,1,1,51528.14286,52050.64286,1482.341777,-444,49491,52395,52395,49675,64999,10.8042991,50372.333333333336
2026-01-04,49227,-1,6,1,1,51075.57143,50924.07143,1647.932731,-3168,49231,49491,52395,52395,64999,10.80421785,49316.333333333336
2026-01-05,47987,-1,0,1,2,50445.85714,50715.35714,1884.882616,-4408,49227,49231,49491,52395,50909,10.77870626,48815.0
2026-01-06,47962,-1,1,1,2,49812.57143,50504.85714,1865.463647,-4433,47987,49227,49231,52395,50909,10.77818516,48392.0
2026-01-07,47875,-1,2,1,2,49166.85714,50286.35714,1583.579535,-4520,47962,47987,49227,52395,50934,10.77636961,47941.333333333336
2026-01-08,47798,-1,3,1,2,48510.14286,50086.5,761.6093549,-4597,47875,47962,47987,52395,50596,10.77476,47878.333333333336
2026-01-09,47798,0,4,1,2,48268.28571,49929.92857,660.2897632,-1693,47798,47875,47962,49491,49990,10.77476,47823.666666666664
2026-01-10,47663,-1,5,1,2,48044.28571,49786.21429,532.9501898,-1568,47798,47798,47875,49231,49675,10.77193167,47753.0
2026-01-11,47620,-1,6,1,2,47814.71429,49445.14286,139.343358,-1607,47663,47798,47798,49227,52395,10.77102912,47693.666666666664
2026-01-12,46996,-1,0,1,3,47673.14286,49059.5,320.6277325,-991,47620,47663,47798,47987,52395,10.75783905,47426.333333333336
2026-01-13,46971,-1,1,1,3,47531.57143,48672.07143,384.2919277,-991,46996,47620,47663,47962,52395,10.75730696,47195.666666666664
2026-01-14,46970,-1,2,1,3,47402.28571,48284.57143,401.3513483,-905,46971,46996,47620,47875,52395,10.75728567,46979.0
2026-01-15,47349,1,3,1,3,47338.14286,47924.14286,361.4661942,-449,46970,46971,46996,47798,52395,10.7653221,47096.666666666664
2026-01-16,47349,0,4,1,3,47274.0,47771.14286,301.0525978,-449,47349,46970,46971,47798,49491,10.7653221,47222.666666666664
2026-01-17,47989,1,5,1,3,47320.57143,47682.42857,384.8198094,326,47349,47349,46970,47663,49231,10.77874793,47562.333333333336
2026-01-18,47989,0,6,1,3,47373.28571,47594.0,452.0703169,369,47989,47349,47349,47620,49227,10.77874793,47775.666666666664
2026-01-19,46989,-1,0,1,4,47372.28571,47522.71429,453.0506647,-7,47989,47989,47349,46996,47987,10.75769009,47655.666666666664
2026-01-20,46989,0,1,1,4,47374.85714,47453.21429,450.4369836,18,46989,47989,47989,46971,47962,10.75769009,47322.333333333336
2026-01-21,46989,0,2,1,4,47377.57143,47389.92857,447.6393106,19,46989,46989,47989,46970,47875,10.75769009,46989.0
2026-01-22,46999,1,3,1,4,47327.57143,47332.85714,470.3342277,-350,46989,46989,46989,47349,47798,10.75790288,46992.333333333336
2026-01-23,46999,0,4,1,4,47277.57143,47275.78571,486.0188121,-350,46999,46989,46989,47349,47798,10.75790288,46995.666666666664
2026-01-24,46999,0,5,1,4,47136.14286,47228.35714,376.1078873,-990,46999,46999,46989,47989,47663,10.75790288,46999.0
2026-01-25,46999,0,6,1,4,46994.71429,47184.0,5.345224645,-990,46999,46999,46999,47989,47620,10.75790288,46999.0
2026-01-26,46999,0,0,1,5,46996.14286,47184.21429,4.879500153,10,46999,46999,46999,46989,46996,10.75790288,46999.0
2026-01-27,46999,0,1,1,5,46997.57143,47186.21429,3.779644457,10,46999,46999,46999,46989,46971,10.75790288,46999.0
2026-01-28,46999,0,2,1,5,46999.0,47188.28571,0.0,10,46999,46999,46999,46989,46970,10.75790288,46999.0
2026-01-29,46999,0,3,1,5,46999.0,47163.28571,0.0,0,46999,46999,46999,46999,47349,10.75790288,46999.0
2026-01-30,46999,0,4,1,5,46999.0,47138.28571,0.0,0,46999,46999,46999,46999,47349,10.75790288,46999.0
2026-01-31,46999,0,5,1,5,46999.0,47067.57143,0.0,0,46999,46999,46999,46999,47989,10.75790288,46999.0
2026-02-01,46999,0,6,2,5,46999.0,46996.85714,0.0,0,46999,46999,46999,46999,47989,10.75790288,46999.0
2026-02-02,46999,0,0,2,6,46999.0,46997.57143,0.0,0,46999,46999,46999,46999,46989,10.75790288,46999.0
2026-02-03,46999,0,1,2,6,46999.0,46998.28571,0.0,0,46999,46999,46999,46999,46989,10.75790288,46999.0
2026-02-04,46999,0,2,2,6,46999.0,46999.0,0.0,0,46999,46999,46999,46999,46989,10.75790288,46999.0
2026-02-05,46999,0,3,2,6,46999.0,46999.0,0.0,0,46999,46999,46999,46999,46999,10.75790288,46999.0
2026-02-06,46999,0,4,2,6,46999.0,46999.0,0.0,0,46999,46999,46999,46999,46999,10.75790288,46999.0
2026-02-07,46999,0,5,2,6,46999.0,46999.0,0.0,0,46999,46999,46999,46999,46999,10.75790288,46999.0
2026-02-08,46999,0,6,2,6,46999.0,46999.0,0.0,0,46999,46999,46999,46999,46999,10.75790288,46999.0
2026-02-09,45999,-1,0,2,7,46856.14286,46927.57143,377.964473,-1000,46999,46999,46999,46999,46999,10.73639668,46665.666666666664
2026-02-10,45999,0,1,2,7,46713.28571,46856.14286,487.9500365,-1000,45999,46999,46999,46999,46999,10.73639668,46332.333333333336
2026-02-11,45999,0,2,2,7,46570.42857,46784.71429,534.5224838,-1000,45999,45999,46999,46999,46999,10.73639668,45999.0
2026-02-12,45999,0,3,2,7,46427.57143,46713.28571,534.5224838,-1000,45999,45999,45999,46999,46999,10.73639668,45999.0
2026-02-13,45999,0,4,2,7,46284.71429,46641.85714,487.9500365,-1000,45999,45999,45999,46999,46999,10.73639668,45999.0
2026-02-14,44844,-1,5,2,7,45976.85714,46487.92857,623.2432453,-2155,45999,45999,45999,46999,46999,10.71096738,45614.0
2026-02-15,44828,-1,6,2,7,45666.71429,46332.85714,567.5046885,-2171,44844,45999,45999,46999,46999,10.71061053,45223.666666666664
2026-02-16,44499,-1,0,2,8,45452.42857,46154.28571,690.903239,-1500,44828,44844,45999,45999,46999,10.70324447,44723.666666666664
